,Ticker
0,A
1,AA
2,AACG
3,AACI
4,AACIW
5,AACT
6,AADI
7,AAGR
8,AAGRW
9,AAL
10,AAMC
11,AAME
12,AAN
13,AAOI
14,AAON
15,AAP
16,AAPL
17,AAT
18,AB
19,ABAT
20,ABBV
21,ABCB
22,ABCL
23,ABEO
24,ABEV
25,ABG
26,ABIO
27,ABL
28,ABLLL
29,ABLLW
30,ABLV
31,ABM
32,ABNB
33,ABOS
34,ABR
35,ABSI
36,ABT
37,ABTS
38,ABUS
39,ABVC
40,ABVX
41,AC
42,ACA
43,ACAC
44,ACAD
45,ACB
46,ACCD
47,ACCO
48,ACDC
49,ACEL
50,ACET
51,ACGL
52,ACGLN
53,ACGLO
54,ACHC
55,ACHL
56,ACHR
57,ACHV
58,ACI
59,ACIC
60,ACIU
61,ACIW
62,ACLS
63,ACLX
64,ACM
65,ACMR
66,ACN
67,ACNB
68,ACNT
69,ACON
70,ACONW
71,ACP
72,ACR
73,ACRE
74,ACRS
75,ACRV
76,ACST
77,ACT
78,ACTG
79,ACU
80,ACV
81,ACVA
82,ACXP
83,ADAG
84,ADAP
85,ADBE
86,ADC
87,ADCT
88,ADD
89,ADEA
90,ADI
91,ADIL
92,ADM
93,ADMA
94,ADN
95,ADNT
96,ADNWW
97,ADP
98,ADPT
99,ADRT
100,ADSE
101,ADSEW
102,ADSK
103,ADT
104,ADTH
105,ADTHW
106,ADTN
107,ADTX
108,ADUS
109,ADV
110,ADVM
111,ADVWW
112,ADXN
113,AE
114,AEAE
115,AEAEW
116,AEE
117,AEF
118,AEG
119,AEHL
120,AEHR
121,AEI
122,AEIS
123,AEM
124,AEMD
125,AEO
126,AEON
127,AEP
128,AER
129,AERT
130,AERTW
131,AES
132,AESI
133,AEVA
134,AEYE
135,AEZS
136,AFAR
137,AFB
138,AFBI
139,AFCG
140,AFG
141,AFL
142,AFMD
143,AFRI
144,AFRIW
145,AFRM
146,AFT
147,AFYA
148,AG
149,AGAE
150,AGBA
151,AGBAW
152,AGCO
153,AGEN
154,AGFY
155,AGI
156,AGIO
157,AGL
158,AGM
159,AGMH
160,AGNC
161,AGNCL
162,AGNCM
163,AGNCN
164,AGNCO
165,AGNCP
166,AGO
167,AGR
168,AGRI
169,AGRIW
170,AGRO
171,AGS
172,AGX
173,AGYS
174,AHCO
175,AHG
176,AHH
177,AHR
178,AHT
179,AI
180,AIF
181,AIG
182,AIHS
183,AILE
184,AILEW
185,AIM
186,AIMBU
187,AIMD
188,AIN
189,AINC
190,AIO
191,AIP
192,AIR
193,AIRC
194,AIRE
195,AIRG
196,AIRI
197,AIRJ
198,AIRJW
199,AIRS
200,AIRT
201,AIRTP
202,AISP
203,AISPW
204,AIT
205,AITR
206,AITRU
207,AIU
208,AIV
209,AIXI
210,AIZ
211,AJG
212,AJX
213,AKA
214,AKAM
215,AKAN
216,AKBA
217,AKLI
218,AKR
219,AKRO
220,AKTS
221,AKTX
222,AKYA
223,AL
224,ALAB
225,ALAR
226,ALB
227,ALBT
228,ALC
229,ALCE
230,ALCO
231,ALCY
232,ALCYW
233,ALDX
234,ALE
235,ALEC
236,ALEX
237,ALG
238,ALGM
239,ALGN
240,ALGS
241,ALGT
242,ALHC
243,ALIM
244,ALIT
245,ALK
246,ALKS
247,ALKT
248,ALL
249,ALLE
250,ALLG
251,ALLK
252,ALLO
253,ALLR
254,ALLT
255,ALLY
256,ALNT
257,ALNY
258,ALOT
259,ALPP
260,ALRM
261,ALRN
262,ALRS
263,ALSA
264,ALSAW
265,ALSN
266,ALT
267,ALTG
268,ALTI
269,ALTM
270,ALTO
271,ALTR
272,ALUR
273,ALV
274,ALVO
275,ALVOW
276,ALVR
277,ALX
278,ALXO
279,ALZN
280,AM
281,AMAL
282,AMAT
283,AMBA
284,AMBC
285,AMBI
286,AMBO
287,AMBP
288,AMC
289,AMCR
290,AMCX
291,AMD
292,AME
293,AMED
294,AMG
295,AMGN
296,AMH
297,AMK
298,AMKR
299,AMLI
300,AMLX
301,AMN
302,AMP
303,AMPG
304,AMPGW
305,AMPH
306,AMPL
307,AMPS
308,AMPX
309,AMPY
310,AMR
311,AMRC
312,AMRK
313,AMRN
314,AMRX
315,AMS
316,AMSC
317,AMSF
318,AMST
319,AMSWA
320,AMT
321,AMTB
322,AMTD
323,AMTX
324,AMWD
325,AMWL
326,AMX
327,AMZN
328,AN
329,ANAB
330,ANDE
331,ANEB
332,ANET
333,ANF
334,ANGH
335,ANGHW
336,ANGI
337,ANGO
338,ANIK
339,ANIP
340,ANIX
341,ANL
342,ANNX
343,ANRO
344,ANSC
345,ANSCU
346,ANSCW
347,ANSS
348,ANTE
349,ANTX
350,ANVS
351,ANY
352,AOGO
353,AOMR
354,AON
355,AONC
356,AONCW
357,AORT
358,AOS
359,AOSL
360,AOUT
361,AP
362,APA
363,APAM
364,APCA
365,APCX
366,APCXW
367,APD
368,APDN
369,APEI
370,APG
371,APGE
372,APH
373,API
374,APLD
375,APLE
376,APLM
377,APLMW
378,APLS
379,APLT
380,APM
381,APO
382,APOG
383,APP
384,APPF
385,APPN
386,APPS
387,APRE
388,APT
389,APTO
390,APTV
391,APVO
392,APWC
393,APXI
394,APXIW
395,APYX
396,AQB
397,AQMS
398,AQN
399,AQNU
400,AQST
401,AQU
402,AR
403,ARAY
404,ARBB
405,ARBE
406,ARBEW
407,ARBK
408,ARC
409,ARCB
410,ARCC
411,ARCH
412,ARCO
413,ARCT
414,ARDX
415,ARE
416,AREB
417,AREBW
418,AREC
419,AREN
420,ARES
421,ARGX
422,ARHS
423,ARI
424,ARIS
425,ARKO
426,ARKOW
427,ARKR
428,ARL
429,ARLO
430,ARLP
431,ARM
432,ARMK
433,ARMN
434,ARMP
435,AROC
436,AROW
437,ARQ
438,ARQQ
439,ARQQW
440,ARQT
441,ARR
442,ARRY
443,ARTL
444,ARTLW
445,ARTNA
446,ARTW
447,ARVN
448,ARW
449,ARWR
450,ARYD
451,AS
452,ASAI
453,ASAN
454,ASB
455,ASC
456,ASCB
457,ASCBW
458,ASGN
459,ASH
460,ASIX
461,ASLE
462,ASLN
463,ASM
464,ASMB
465,ASML
466,ASND
467,ASNS
468,ASO
469,ASPI
470,ASPN
471,ASPS
472,ASR
473,ASRT
474,ASRV
475,ASST
476,ASTC
477,ASTE
478,ASTH
479,ASTI
480,ASTL
481,ASTLW
482,ASTR
483,ASTS
484,ASTSW
485,ASUR
486,ASX
487,ASXC
488,ASYS
489,ATAI
490,ATAT
491,ATCH
492,ATEC
493,ATEK
494,ATEN
495,ATER
496,ATEX
497,ATGE
498,ATGL
499,ATHA
500,ATHE
501,ATHM
502,ATI
503,ATIF
504,ATIP
505,ATKR
506,ATLC
507,ATLCP
508,ATLO
509,ATLX
510,ATMC
511,ATMCW
512,ATMU
513,ATMV
514,ATMVU
515,ATNF
516,ATNFW
517,ATNI
518,ATNM
519,ATO
520,ATOM
521,ATOS
522,ATPC
523,ATR
524,ATRA
525,ATRC
526,ATRI
527,ATRO
528,ATS
529,ATSG
530,ATUS
531,ATXG
532,ATXI
533,ATXS
534,AU
535,AUB
536,AUBN
537,AUDC
538,AUGX
539,AUID
540,AULT
541,AUMN
542,AUNA
543,AUPH
544,AUR
545,AURA
546,AUROW
547,AUST
548,AUTL
549,AUUD
550,AUUDW
551,AVA
552,AVAH
553,AVAL
554,AVAV
555,AVB
556,AVBP
557,AVD
558,AVDL
559,AVDX
560,AVGO
561,AVGR
562,AVIR
563,AVK
564,AVNS
565,AVNT
566,AVNW
567,AVO
568,AVPT
569,AVPTW
570,AVRO
571,AVT
572,AVTE
573,AVTR
574,AVTX
575,AVXL
576,AVY
577,AWH
578,AWI
579,AWIN
580,AWINW
581,AWK
582,AWP
583,AWR
584,AWRE
585,AWX
586,AX
587,AXDX
588,AXGN
589,AXIL
590,AXL
591,AXNX
592,AXON
593,AXP
594,AXR
595,AXS
596,AXSM
597,AXTA
598,AXTI
599,AY
600,AYI
601,AYRO
602,AYTU
603,AZ
604,AZEK
605,AZN
606,AZO
607,AZPN
608,AZTA
609,AZTR
610,AZUL
611,AZZ
612,B
613,BA
614,BABA
615,BAC
616,BACA
617,BACK
618,BAER
619,BAERW
620,BAFN
621,BAH
622,BAK
623,BALL
624,BALY
625,BAM
626,BANC
627,BAND
628,BANF
629,BANL
630,BANR
631,BANX
632,BAOS
633,BAP
634,BARK
635,BASE
636,BATL
637,BATRA
638,BATRK
639,BAX
640,BB
641,BBAI
642,BBAR
643,BBCP
644,BBD
645,BBDC
646,BBDO
647,BBGI
648,BBIO
649,BBLG
650,BBLGW
651,BBN
652,BBSI
653,BBU
654,BBUC
655,BBVA
656,BBW
657,BBWI
658,BBY
659,BC
660,BCAB
661,BCAL
662,BCAN
663,BCAT
664,BCBP
665,BCC
666,BCDA
667,BCDAW
668,BCE
669,BCG
670,BCGWW
671,BCH
672,BCLI
673,BCML
674,BCO
675,BCOV
676,BCOW
677,BCPC
678,BCRX
679,BCS
680,BCSA
681,BCSAU
682,BCSAW
683,BCSF
684,BCTX
685,BCTXW
686,BCX
687,BCYC
688,BDC
689,BDJ
690,BDL
691,BDN
692,BDRX
693,BDSX
694,BDTX
695,BDX
696,BE
697,BEAM
698,BEAT
699,BEATW
700,BEDU
701,BEEM
702,BEEP
703,BEKE
704,BELFA
705,BELFB
706,BEN
707,BENF
708,BENFW
709,BEP
710,BEPC
711,BERY
712,BEST
713,BETR
714,BETRW
715,BFAC
716,BFAM
717,BFC
718,BFH
719,BFIN
720,BFK
721,BFLY
722,BFRG
723,BFRGW
724,BFRI
725,BFRIW
726,BFS
727,BFST
728,BFZ
729,BG
730,BGB
731,BGC
732,BGFV
733,BGH
734,BGI
735,BGLC
736,BGNE
737,BGR
738,BGS
739,BGSF
740,BGT
741,BGX
742,BGXX
743,BGY
744,BH
745,BHAC
746,BHACW
747,BHAT
748,BHB
749,BHC
750,BHE
751,BHF
752,BHFAM
753,BHFAN
754,BHFAO
755,BHFAP
756,BHIL
757,BHK
758,BHLB
759,BHM
760,BHP
761,BHR
762,BHRB
763,BHV
764,BHVN
765,BIAF
766,BIAFW
767,BIDU
768,BIG
769,BIGC
770,BIGZ
771,BIIB
772,BILI
773,BILL
774,BIMI
775,BIO
776,BIOL
777,BIOR
778,BIOX
779,BIP
780,BIPC
781,BIRD
782,BIRK
783,BIT
784,BITE
785,BITF
786,BIVI
787,BJ
788,BJDX
789,BJRI
790,BK
791,BKD
792,BKDT
793,BKE
794,BKH
795,BKKT
796,BKN
797,BKNG
798,BKR
799,BKSY
800,BKT
801,BKTI
802,BKU
803,BKYI
804,BL
805,BLAC
806,BLACU
807,BLBD
808,BLBX
809,BLCO
810,BLD
811,BLDP
812,BLDR
813,BLE
814,BLEU
815,BLFS
816,BLFY
817,BLIN
818,BLK
819,BLKB
820,BLMN
821,BLND
822,BLNK
823,BLRX
824,BLTE
825,BLUA
826,BLUE
827,BLW
828,BLX
829,BLZE
830,BMA
831,BMBL
832,BME
833,BMEA
834,BMI
835,BMO
836,BMR
837,BMRA
838,BMRC
839,BMRN
840,BMTX
841,BMY
842,BN
843,BNAI
844,BNAIW
845,BNED
846,BNGO
847,BNIX
848,BNL
849,BNOX
850,BNR
851,BNRE
852,BNRG
853,BNS
854,BNTC
855,BNTX
856,BNY
857,BNZI
858,BNZIW
859,BOC
860,BOCN
861,BOCNW
862,BODI
863,BOE
864,BOF
865,BOH
866,BOKF
867,BOLD
868,BOLT
869,BON
870,BOOM
871,BOOT
872,BORR
873,BOSC
874,BOTJ
875,BOW
876,BOWL
877,BOX
878,BOXL
879,BP
880,BPMC
881,BPOP
882,BPRN
883,BPT
884,BPTH
885,BPYPN
886,BPYPO
887,BPYPP
888,BQ
889,BR
890,BRAG
891,BRBR
892,BRBS
893,BRC
894,BRCC
895,BRDG
896,BREA
897,BRFH
898,BRFS
899,BRID
900,BRKH
901,BRKHW
902,BRKL
903,BRKR
904,BRLS
905,BRLSW
906,BRLT
907,BRN
908,BRNS
909,BRO
910,BROG
911,BROGW
912,BROS
913,BRSH
914,BRSHW
915,BRSP
916,BRT
917,BRTX
918,BRX
919,BRY
920,BRZE
921,BSAC
922,BSBK
923,BSBR
924,BSET
925,BSFC
926,BSGM
927,BSIG
928,BSL
929,BSM
930,BSRR
931,BST
932,BSTZ
933,BSVN
934,BSX
935,BSY
936,BTA
937,BTAI
938,BTBD
939,BTBT
940,BTCM
941,BTCS
942,BTCT
943,BTCTW
944,BTCY
945,BTDR
946,BTE
947,BTG
948,BTI
949,BTM
950,BTMD
951,BTMWW
952,BTO
953,BTOC
954,BTOG
955,BTSG
956,BTSGU
957,BTT
958,BTTR
959,BTU
960,BTZ
961,BUD
962,BUI
963,BUR
964,BURL
965,BURU
966,BUSE
967,BV
968,BVFL
969,BVN
970,BVS
971,BW
972,BWA
973,BWAQ
974,BWAQU
975,BWAQW
976,BWAY
977,BWB
978,BWBBP
979,BWEN
980,BWFG
981,BWG
982,BWIN
983,BWLP
984,BWMN
985,BWMX
986,BWXT
987,BX
988,BXC
989,BXMT
990,BXP
991,BXSL
992,BY
993,BYD
994,BYFC
995,BYM
996,BYND
997,BYNO
998,BYNOW
999,BYON
1000,BYRN
1001,BYSI
1002,BYU
1003,BZ
1004,BZFD
1005,BZFDW
1006,BZH
1007,BZUN
1008,C
1009,CAAP
1010,CAAS
1011,CABA
1012,CABO
1013,CAC
1014,CACC
1015,CACI
1016,CACO
1017,CADE
1018,CADL
1019,CAE
1020,CAG
1021,CAH
1022,CAKE
1023,CAL
1024,CALB
1025,CALC
1026,CALM
1027,CALT
1028,CALX
1029,CAMP
1030,CAMT
1031,CAN
1032,CANF
1033,CANG
1034,CAPL
1035,CAPR
1036,CAPT
1037,CAPTW
1038,CAR
1039,CARA
1040,CARE
1041,CARG
1042,CARM
1043,CARR
1044,CARS
1045,CART
1046,CARV
1047,CASH
1048,CASI
1049,CASS
1050,CASY
1051,CAT
1052,CATC
1053,CATO
1054,CATX
1055,CATY
1056,CAUD
1057,CAVA
1058,CB
1059,CBAN
1060,CBAT
1061,CBFV
1062,CBH
1063,CBL
1064,CBNK
1065,CBOE
1066,CBRE
1067,CBRG
1068,CBRL
1069,CBSH
1070,CBT
1071,CBU
1072,CBUS
1073,CBZ
1074,CC
1075,CCAP
1076,CCB
1077,CCBG
1078,CCCC
1079,CCCS
1080,CCD
1081,CCEL
1082,CCEP
1083,CCG
1084,CCGWW
1085,CCI
1086,CCIA
1087,CCIF
1088,CCJ
1089,CCK
1090,CCL
1091,CCLD
1092,CCLDO
1093,CCLDP
1094,CCM
1095,CCNE
1096,CCNEP
1097,CCO
1098,CCOI
1099,CCRD
1100,CCRN
1101,CCS
1102,CCSI
1103,CCTG
1104,CCTS
1105,CCTSU
1106,CCTSW
1107,CCU
1108,CDAQ
1109,CDAQU
1110,CDAQW
1111,CDE
1112,CDIO
1113,CDIOW
1114,CDLR
1115,CDLX
1116,CDMO
1117,CDNA
1118,CDNS
1119,CDP
1120,CDRE
1121,CDRO
1122,CDROW
1123,CDT
1124,CDTG
1125,CDTTW
1126,CDTX
1127,CDW
1128,CDXC
1129,CDXS
1130,CDZI
1131,CDZIP
1132,CE
1133,CEAD
1134,CECO
1135,CEG
1136,CEI
1137,CEIX
1138,CELC
1139,CELH
1140,CELU
1141,CELUW
1142,CELZ
1143,CEM
1144,CENN
1145,CENT
1146,CENTA
1147,CENX
1148,CEPU
1149,CERE
1150,CERO
1151,CEROW
1152,CERS
1153,CERT
1154,CET
1155,CETU
1156,CETX
1157,CETY
1158,CEV
1159,CEVA
1160,CF
1161,CFB
1162,CFBK
1163,CFFI
1164,CFFN
1165,CFFS
1166,CFG
1167,CFLT
1168,CFR
1169,CFSB
1170,CG
1171,CGA
1172,CGAU
1173,CGBD
1174,CGC
1175,CGEM
1176,CGEN
1177,CGNT
1178,CGNX
1179,CGO
1180,CGON
1181,CGTX
1182,CHAA
1183,CHCI
1184,CHCO
1185,CHCT
1186,CHD
1187,CHDN
1188,CHE
1189,CHEF
1190,CHEK
1191,CHGG
1192,CHH
1193,CHI
1194,CHK
1195,CHKEL
1196,CHKEW
1197,CHKEZ
1198,CHKP
1199,CHMG
1200,CHMI
1201,CHNR
1202,CHPT
1203,CHR
1204,CHRD
1205,CHRO
1206,CHRS
1207,CHRW
1208,CHSN
1209,CHT
1210,CHTR
1211,CHUY
1212,CHW
1213,CHWY
1214,CHX
1215,CHY
1216,CI
1217,CIA
1218,CIB
1219,CIEN
1220,CIF
1221,CIG
1222,CIGI
1223,CII
1224,CIK
1225,CIM
1226,CINF
1227,CING
1228,CINGW
1229,CINT
1230,CIO
1231,CION
1232,CISO
1233,CISS
1234,CITE
1235,CITEW
1236,CIVB
1237,CIVI
1238,CIX
1239,CJET
1240,CJJD
1241,CKPT
1242,CKX
1243,CL
1244,CLAR
1245,CLB
1246,CLBK
1247,CLBT
1248,CLBTW
1249,CLCO
1250,CLDI
1251,CLDT
1252,CLDX
1253,CLEU
1254,CLF
1255,CLFD
1256,CLGN
1257,CLH
1258,CLIR
1259,CLLS
1260,CLMB
1261,CLMT
1262,CLNE
1263,CLNN
1264,CLNNW
1265,CLOE
1266,CLOV
1267,CLPR
1268,CLPS
1269,CLPT
1270,CLRB
1271,CLRC
1272,CLRCW
1273,CLRO
1274,CLS
1275,CLSD
1276,CLSK
1277,CLST
1278,CLVT
1279,CLW
1280,CLWT
1281,CLX
1282,CM
1283,CMA
1284,CMAX
1285,CMAXW
1286,CMBM
1287,CMC
1288,CMCA
1289,CMCAW
1290,CMCL
1291,CMCM
1292,CMCO
1293,CMCSA
1294,CMCT
1295,CME
1296,CMG
1297,CMI
1298,CMLS
1299,CMMB
1300,CMND
1301,CMP
1302,CMPO
1303,CMPOW
1304,CMPR
1305,CMPS
1306,CMPX
1307,CMRE
1308,CMRX
1309,CMS
1310,CMT
1311,CMTG
1312,CMTL
1313,CMU
1314,CNA
1315,CNC
1316,CNDA
1317,CNDT
1318,CNET
1319,CNEY
1320,CNF
1321,CNFR
1322,CNGL
1323,CNGLU
1324,CNH
1325,CNI
1326,CNK
1327,CNM
1328,CNMD
1329,CNNE
1330,CNO
1331,CNOB
1332,CNOBP
1333,CNP
1334,CNQ
1335,CNS
1336,CNSL
1337,CNSP
1338,CNTA
1339,CNTB
1340,CNTG
1341,CNTX
1342,CNTY
1343,CNVS
1344,CNX
1345,CNXC
1346,CNXN
1347,COCH
1348,COCHW
1349,COCO
1350,COCP
1351,CODA
1352,CODI
1353,CODX
1354,COE
1355,COEP
1356,COEPW
1357,COF
1358,COFS
1359,COGT
1360,COHN
1361,COHR
1362,COHU
1363,COIN
1364,COKE
1365,COLB
1366,COLD
1367,COLL
1368,COLM
1369,COMM
1370,COMP
1371,CONN
1372,COO
1373,COOK
1374,COOL
1375,COOLU
1376,COOLW
1377,COOP
1378,COOT
1379,COOTW
1380,COP
1381,COR
1382,CORT
1383,CORZ
1384,CORZW
1385,CORZZ
1386,COSM
1387,COST
1388,COTY
1389,COUR
1390,COYA
1391,CP
1392,CPA
1393,CPAC
1394,CPAY
1395,CPB
1396,CPF
1397,CPHC
1398,CPHI
1399,CPIX
1400,CPK
1401,CPLP
1402,CPNG
1403,CPOP
1404,CPRI
1405,CPRT
1406,CPRX
1407,CPS
1408,CPSH
1409,CPSS
1410,CPT
1411,CPTN
1412,CPTNW
1413,CPZ
1414,CQP
1415,CR
1416,CRAI
1417,CRBG
1418,CRBP
1419,CRBU
1420,CRC
1421,CRCT
1422,CRDF
1423,CRDL
1424,CRDO
1425,CREG
1426,CRESW
1427,CRESY
1428,CREV
1429,CREVW
1430,CREX
1431,CRGO
1432,CRGX
1433,CRGY
1434,CRH
1435,CRI
1436,CRIS
1437,CRK
1438,CRKN
1439,CRL
1440,CRM
1441,CRMD
1442,CRML
1443,CRMT
1444,CRNC
1445,CRNT
1446,CRNX
1447,CRON
1448,CROX
1449,CRS
1450,CRSP
1451,CRSR
1452,CRTO
1453,CRUS
1454,CRVL
1455,CRVO
1456,CRVS
1457,CRWD
1458,CRWS
1459,CSAN
1460,CSBR
1461,CSCO
1462,CSGP
1463,CSGS
1464,CSIQ
1465,CSL
1466,CSLM
1467,CSLR
1468,CSLRW
1469,CSPI
1470,CSQ
1471,CSR
1472,CSSE
1473,CSSEL
1474,CSSEP
1475,CSTE
1476,CSTL
1477,CSTM
1478,CSV
1479,CSWC
1480,CSWI
1481,CSX
1482,CTAS
1483,CTBI
1484,CTCX
1485,CTCXW
1486,CTGO
1487,CTHR
1488,CTKB
1489,CTLP
1490,CTLT
1491,CTM
1492,CTMX
1493,CTNM
1494,CTNT
1495,CTO
1496,CTOS
1497,CTR
1498,CTRA
1499,CTRE
1500,CTRI
1501,CTRM
1502,CTRN
1503,CTS
1504,CTSH
1505,CTSO
1506,CTV
1507,CTVA
1508,CTXR
1509,CUBE
1510,CUBI
1511,CUE
1512,CUK
1513,CULL
1514,CULP
1515,CURI
1516,CURIW
1517,CURV
1518,CUTR
1519,CUZ
1520,CVAC
1521,CVBF
1522,CVCO
1523,CVE
1524,CVEO
1525,CVGI
1526,CVGW
1527,CVI
1528,CVII
1529,CVIIU
1530,CVIIW
1531,CVKD
1532,CVLG
1533,CVLT
1534,CVLY
1535,CVM
1536,CVNA
1537,CVR
1538,CVRX
1539,CVS
1540,CVU
1541,CVV
1542,CVX
1543,CW
1544,CWAN
1545,CWBC
1546,CWCO
1547,CWD
1548,CWEN
1549,CWH
1550,CWK
1551,CWST
1552,CWT
1553,CX
1554,CXAI
1555,CXAIW
1556,CXDO
1557,CXE
1558,CXH
1559,CXM
1560,CXT
1561,CXW
1562,CYBN
1563,CYBR
1564,CYCC
1565,CYCCP
1566,CYCN
1567,CYD
1568,CYH
1569,CYN
1570,CYRX
1571,CYTH
1572,CYTHW
1573,CYTK
1574,CYTO
1575,CZFS
1576,CZNC
1577,CZR
1578,CZWI
1579,D
1580,DAC
1581,DADA
1582,DAIO
1583,DAKT
1584,DAL
1585,DALN
1586,DAN
1587,DAO
1588,DAR
1589,DARE
1590,DASH
1591,DATS
1592,DATSW
1593,DAVA
1594,DAVE
1595,DAVEW
1596,DAWN
1597,DAY
1598,DB
1599,DBD
1600,DBGI
1601,DBGIW
1602,DBI
1603,DBL
1604,DBRG
1605,DBVT
1606,DBX
1607,DC
1608,DCBO
1609,DCF
1610,DCGO
1611,DCI
1612,DCO
1613,DCOM
1614,DCOMP
1615,DCPH
1616,DCTH
1617,DD
1618,DDC
1619,DDD
1620,DDI
1621,DDL
1622,DDOG
1623,DDS
1624,DE
1625,DEA
1626,DEC
1627,DECA
1628,DECAU
1629,DECAW
1630,DECK
1631,DEI
1632,DELL
1633,DENN
1634,DEO
1635,DERM
1636,DESP
1637,DFH
1638,DFIN
1639,DFLI
1640,DFLIW
1641,DFP
1642,DFS
1643,DG
1644,DGHI
1645,DGICA
1646,DGICB
1647,DGII
1648,DGLY
1649,DGX
1650,DH
1651,DHAC
1652,DHACW
1653,DHC
1654,DHF
1655,DHI
1656,DHIL
1657,DHR
1658,DHT
1659,DHX
1660,DHY
1661,DIBS
1662,DIN
1663,DINO
1664,DIOD
1665,DIS
1666,DIST
1667,DISTW
1668,DIT
1669,DJCO
1670,DJT
1671,DJTWW
1672,DK
1673,DKL
1674,DKNG
1675,DKS
1676,DLA
1677,DLB
1678,DLHC
1679,DLNG
1680,DLO
1681,DLPN
1682,DLR
1683,DLTH
1684,DLTR
1685,DLX
1686,DLY
1687,DM
1688,DMA
1689,DMAC
1690,DMB
1691,DMF
1692,DMLP
1693,DMO
1694,DMRC
1695,DMTK
1696,DMYY
1697,DNA
1698,DNB
1699,DNLI
1700,DNMR
1701,DNN
1702,DNOW
1703,DNP
1704,DNTH
1705,DNUT
1706,DO
1707,DOC
1708,DOCN
1709,DOCS
1710,DOCU
1711,DOGZ
1712,DOLE
1713,DOMA
1714,DOMH
1715,DOMO
1716,DOOO
1717,DORM
1718,DOUG
1719,DOV
1720,DOW
1721,DOX
1722,DOYU
1723,DPG
1724,DPRO
1725,DPSI
1726,DPZ
1727,DQ
1728,DRCT
1729,DRD
1730,DRH
1731,DRI
1732,DRIO
1733,DRMA
1734,DRMAW
1735,DRQ
1736,DRRX
1737,DRS
1738,DRTS
1739,DRTSW
1740,DRUG
1741,DRVN
1742,DSGN
1743,DSGR
1744,DSGX
1745,DSL
1746,DSM
1747,DSP
1748,DSS
1749,DSU
1750,DSWL
1751,DSX
1752,DT
1753,DTC
1754,DTCK
1755,DTE
1756,DTF
1757,DTI
1758,DTIL
1759,DTM
1760,DTSS
1761,DTST
1762,DTSTW
1763,DUK
1764,DUO
1765,DUOL
1766,DUOT
1767,DV
1768,DVA
1769,DVAX
1770,DVN
1771,DWSN
1772,DX
1773,DXC
1774,DXCM
1775,DXF
1776,DXLG
1777,DXPE
1778,DXR
1779,DXYN
1780,DXYZ
1781,DY
1782,DYAI
1783,DYCQ
1784,DYN
1785,DYNT
1786,DZSI
1787,E
1788,EA
1789,EAD
1790,EAF
1791,EARN
1792,EAST
1793,EAT
1794,EB
1795,EBAY
1796,EBC
1797,EBF
1798,EBMT
1799,EBON
1800,EBR
1801,EBS
1802,EBTC
1803,EC
1804,ECAT
1805,ECBK
1806,ECCC
1807,ECCF
1808,ECDA
1809,ECDAW
1810,ECL
1811,ECO
1812,ECOR
1813,ECPG
1814,ECVT
1815,ECX
1816,ECXWW
1817,ED
1818,EDAP
1819,EDBL
1820,EDBLW
1821,EDD
1822,EDF
1823,EDIT
1824,EDN
1825,EDR
1826,EDRY
1827,EDSA
1828,EDTK
1829,EDU
1830,EDUC
1831,EE
1832,EEFT
1833,EEIQ
1834,EEX
1835,EFC
1836,EFOI
1837,EFR
1838,EFSC
1839,EFSCP
1840,EFSH
1841,EFT
1842,EFTR
1843,EFTRW
1844,EFX
1845,EFXT
1846,EG
1847,EGAN
1848,EGBN
1849,EGF
1850,EGHT
1851,EGIO
1852,EGO
1853,EGP
1854,EGRX
1855,EGY
1856,EH
1857,EHAB
1858,EHC
1859,EHI
1860,EHTH
1861,EIC
1862,EICA
1863,EICB
1864,EICC
1865,EIG
1866,EIM
1867,EIX
1868,EJH
1869,EKSO
1870,EL
1871,ELA
1872,ELAB
1873,ELAN
1874,ELBM
1875,ELDN
1876,ELEV
1877,ELF
1878,ELLO
1879,ELMD
1880,ELME
1881,ELP
1882,ELPC
1883,ELS
1884,ELSE
1885,ELTK
1886,ELTX
1887,ELUT
1888,ELV
1889,ELVA
1890,ELVN
1891,ELWS
1892,ELYM
1893,EM
1894,EMBC
1895,EMD
1896,EME
1897,EMKR
1898,EML
1899,EMLD
1900,EMLDU
1901,EMLDW
1902,EMN
1903,EMO
1904,EMR
1905,EMX
1906,ENB
1907,ENFN
1908,ENG
1909,ENGN
1910,ENGNW
1911,ENIC
1912,ENLC
1913,ENLT
1914,ENLV
1915,ENOV
1916,ENPH
1917,ENR
1918,ENS
1919,ENSC
1920,ENSG
1921,ENSV
1922,ENTA
1923,ENTG
1924,ENTO
1925,ENTX
1926,ENV
1927,ENVA
1928,ENVB
1929,ENVX
1930,ENX
1931,ENZ
1932,EOD
1933,EOG
1934,EOLS
1935,EOSE
1936,EOSEW
1937,EOT
1938,EP
1939,EPAC
1940,EPAM
1941,EPC
1942,EPD
1943,EPIX
1944,EPM
1945,EPOW
1946,EPR
1947,EPRT
1948,EPRX
1949,EPSN
1950,EQ
1951,EQBK
1952,EQC
1953,EQH
1954,EQIX
1955,EQNR
1956,EQR
1957,EQS
1958,EQT
1959,EQX
1960,ERAS
1961,ERC
1962,ERF
1963,ERH
1964,ERIC
1965,ERIE
1966,ERII
1967,ERJ
1968,ERNA
1969,ERO
1970,ES
1971,ESAB
1972,ESCA
1973,ESE
1974,ESEA
1975,ESGL
1976,ESGLW
1977,ESGR
1978,ESGRO
1979,ESGRP
1980,ESHA
1981,ESI
1982,ESLA
1983,ESLAW
1984,ESLT
1985,ESNT
1986,ESOA
1987,ESP
1988,ESPR
1989,ESQ
1990,ESRT
1991,ESS
1992,ESSA
1993,ESTA
1994,ESTC
1995,ET
1996,ETD
1997,ETG
1998,ETN
1999,ETNB
2000,ETO
2001,ETON
2002,ETR
2003,ETRN
2004,ETSY
2005,EU
2006,EUDA
2007,EUDAW
2008,EURN
2009,EVA
2010,EVAX
2011,EVBG
2012,EVBN
2013,EVC
2014,EVCM
2015,EVE
2016,EVER
2017,EVEX
2018,EVF
2019,EVG
2020,EVGN
2021,EVGO
2022,EVGOW
2023,EVGR
2024,EVGRW
2025,EVH
2026,EVI
2027,EVLV
2028,EVLVW
2029,EVM
2030,EVN
2031,EVO
2032,EVOK
2033,EVR
2034,EVRG
2035,EVRI
2036,EVT
2037,EVTC
2038,EVTL
2039,EVTV
2040,EVV
2041,EW
2042,EWBC
2043,EWCZ
2044,EWTX
2045,EXAI
2046,EXAS
2047,EXC
2048,EXEL
2049,EXFY
2050,EXK
2051,EXLS
2052,EXP
2053,EXPD
2054,EXPE
2055,EXPI
2056,EXPO
2057,EXR
2058,EXTO
2059,EXTR
2060,EYE
2061,EYEN
2062,EYPT
2063,EZFL
2064,EZGO
2065,EZPW
2066,F
2067,FA
2068,FAAS
2069,FAASW
2070,FAF
2071,FAM
2072,FAMI
2073,FANG
2074,FANH
2075,FARM
2076,FARO
2077,FAST
2078,FAT
2079,FATBB
2080,FATBP
2081,FATBW
2082,FATE
2083,FAX
2084,FBIN
2085,FBIO
2086,FBIOP
2087,FBIZ
2088,FBK
2089,FBLG
2090,FBMS
2091,FBNC
2092,FBP
2093,FBRT
2094,FBRX
2095,FBYD
2096,FBYDW
2097,FC
2098,FCAP
2099,FCBC
2100,FCCO
2101,FCEL
2102,FCF
2103,FCFS
2104,FCN
2105,FCNCA
2106,FCNCO
2107,FCNCP
2108,FCO
2109,FCPT
2110,FCT
2111,FCUV
2112,FCX
2113,FDBC
2114,FDMT
2115,FDP
2116,FDS
2117,FDUS
2118,FDX
2119,FE
2120,FEAM
2121,FEBO
2122,FEDU
2123,FEIM
2124,FELE
2125,FEMY
2126,FENC
2127,FENG
2128,FER
2129,FERG
2130,FET
2131,FEXD
2132,FEXDW
2133,FF
2134,FFBC
2135,FFC
2136,FFIC
2137,FFIE
2138,FFIEW
2139,FFIN
2140,FFIV
2141,FFNW
2142,FFWM
2143,FG
2144,FGB
2145,FGBI
2146,FGBIP
2147,FGEN
2148,FGF
2149,FGFPP
2150,FGI
2151,FGIWW
2152,FHB
2153,FHI
2154,FHN
2155,FHTX
2156,FI
2157,FIAC
2158,FIACW
2159,FIBK
2160,FICO
2161,FIGS
2162,FIHL
2163,FINS
2164,FINV
2165,FINW
2166,FIP
2167,FIS
2168,FISI
2169,FITB
2170,FITBI
2171,FITBO
2172,FITBP
2173,FIVE
2174,FIVN
2175,FIX
2176,FIZZ
2177,FKWL
2178,FL
2179,FLC
2180,FLEX
2181,FLFV
2182,FLFVW
2183,FLGC
2184,FLGT
2185,FLIC
2186,FLJ
2187,FLL
2188,FLNC
2189,FLNG
2190,FLNT
2191,FLO
2192,FLR
2193,FLS
2194,FLUT
2195,FLUX
2196,FLWS
2197,FLXS
2198,FLYW
2199,FLYX
2200,FMAO
2201,FMBH
2202,FMC
2203,FMN
2204,FMNB
2205,FMS
2206,FMST
2207,FMX
2208,FN
2209,FNA
2210,FNB
2211,FNCB
2212,FND
2213,FNF
2214,FNGR
2215,FNKO
2216,FNLC
2217,FNV
2218,FNVT
2219,FNWB
2220,FNWD
2221,FOA
2222,FOLD
2223,FONR
2224,FOR
2225,FORA
2226,FORD
2227,FORM
2228,FORR
2229,FORTY
2230,FOSL
2231,FOUR
2232,FOX
2233,FOXA
2234,FOXF
2235,FOXO
2236,FPAY
2237,FPF
2238,FPH
2239,FPI
2240,FR
2241,FRA
2242,FRAF
2243,FRBA
2244,FRD
2245,FREE
2246,FREEW
2247,FRES
2248,FREY
2249,FRGE
2250,FRGT
2251,FRHC
2252,FRLA
2253,FRME
2254,FRMEP
2255,FRO
2256,FROG
2257,FRPH
2258,FRPT
2259,FRSH
2260,FRST
2261,FRSX
2262,FRT
2263,FSBC
2264,FSBW
2265,FSCO
2266,FSD
2267,FSEA
2268,FSFG
2269,FSI
2270,FSK
2271,FSLR
2272,FSLY
2273,FSM
2274,FSP
2275,FSS
2276,FSTR
2277,FSV
2278,FT
2279,FTAI
2280,FTAIM
2281,FTAIN
2282,FTAIO
2283,FTAIP
2284,FTCI
2285,FTDR
2286,FTEK
2287,FTEL
2288,FTF
2289,FTFT
2290,FTHM
2291,FTHY
2292,FTI
2293,FTII
2294,FTK
2295,FTLF
2296,FTNT
2297,FTRE
2298,FTS
2299,FTV
2300,FUBO
2301,FUFU
2302,FUFUW
2303,FUL
2304,FULC
2305,FULT
2306,FULTP
2307,FUN
2308,FUNC
2309,FURY
2310,FUSB
2311,FUSN
2312,FUTU
2313,FVCB
2314,FVRR
2315,FWONA
2316,FWONK
2317,FWRD
2318,FWRG
2319,FXNC
2320,FYBR
2321,G
2322,GAB
2323,GABC
2324,GAIA
2325,GAIN
2326,GALT
2327,GAMB
2328,GAMC
2329,GAN
2330,GANX
2331,GAQ
2332,GASS
2333,GATE
2334,GATO
2335,GATX
2336,GAU
2337,GB
2338,GBAB
2339,GBBK
2340,GBBKW
2341,GBCI
2342,GBDC
2343,GBIO
2344,GBLI
2345,GBNY
2346,GBR
2347,GBTG
2348,GBX
2349,GCBC
2350,GCI
2351,GCMG
2352,GCMGW
2353,GCO
2354,GCT
2355,GCTK
2356,GCTS
2357,GCV
2358,GD
2359,GDC
2360,GDDY
2361,GDEN
2362,GDEV
2363,GDEVW
2364,GDHG
2365,GDL
2366,GDO
2367,GDOT
2368,GDRX
2369,GDS
2370,GDST
2371,GDSTW
2372,GDTC
2373,GDV
2374,GDYN
2375,GE
2376,GECC
2377,GEF
2378,GEG
2379,GEHC
2380,GEL
2381,GEN
2382,GENC
2383,GENE
2384,GENI
2385,GENK
2386,GEO
2387,GEOS
2388,GERN
2389,GES
2390,GETR
2391,GETY
2392,GEV
2393,GEVO
2394,GFAI
2395,GFAIW
2396,GFF
2397,GFI
2398,GFL
2399,GFR
2400,GFS
2401,GGAL
2402,GGB
2403,GGG
2404,GGR
2405,GGROW
2406,GGZ
2407,GH
2408,GHC
2409,GHG
2410,GHI
2411,GHIX
2412,GHIXW
2413,GHLD
2414,GHM
2415,GHRS
2416,GHSI
2417,GHY
2418,GIB
2419,GIC
2420,GIFI
2421,GIGM
2422,GIII
2423,GIL
2424,GILD
2425,GILT
2426,GIPR
2427,GIS
2428,GKOS
2429,GL
2430,GLAC
2431,GLAD
2432,GLBE
2433,GLBS
2434,GLBZ
2435,GLDD
2436,GLDG
2437,GLLI
2438,GLLIU
2439,GLMD
2440,GLNG
2441,GLO
2442,GLOB
2443,GLP
2444,GLPG
2445,GLPI
2446,GLQ
2447,GLRE
2448,GLSI
2449,GLST
2450,GLT
2451,GLTO
2452,GLUE
2453,GLV
2454,GLW
2455,GLYC
2456,GM
2457,GMAB
2458,GME
2459,GMED
2460,GMFI
2461,GMFIW
2462,GMM
2463,GMRE
2464,GMS
2465,GNE
2466,GNFT
2467,GNK
2468,GNL
2469,GNLN
2470,GNLX
2471,GNPX
2472,GNRC
2473,GNS
2474,GNSS
2475,GNTA
2476,GNTX
2477,GNTY
2478,GNW
2479,GO
2480,GOCO
2481,GODN
2482,GODNU
2483,GOEV
2484,GOEVW
2485,GOF
2486,GOGL
2487,GOGO
2488,GOLD
2489,GOLF
2490,GOOD
2491,GOODN
2492,GOODO
2493,GOOG
2494,GOOGL
2495,GOOS
2496,GORO
2497,GORV
2498,GOSS
2499,GOTU
2500,GOVX
2501,GOVXW
2502,GP
2503,GPAC
2504,GPAK
2505,GPATU
2506,GPC
2507,GPCR
2508,GPI
2509,GPK
2510,GPMT
2511,GPN
2512,GPOR
2513,GPRE
2514,GPRK
2515,GPRO
2516,GPS
2517,GRAB
2518,GRABW
2519,GRBK
2520,GRC
2521,GRDI
2522,GRDIW
2523,GREE
2524,GRFS
2525,GRFX
2526,GRI
2527,GRIN
2528,GRMN
2529,GRND
2530,GRNQ
2531,GRNT
2532,GROM
2533,GROMW
2534,GROV
2535,GROW
2536,GROY
2537,GRPN
2538,GRRR
2539,GRRRW
2540,GRTS
2541,GRTX
2542,GRVY
2543,GRWG
2544,GRX
2545,GRYP
2546,GS
2547,GSAT
2548,GSBC
2549,GSBD
2550,GSHD
2551,GSIT
2552,GSIW
2553,GSK
2554,GSL
2555,GSM
2556,GSMGW
2557,GSUN
2558,GT
2559,GTAC
2560,GTACW
2561,GTBP
2562,GTE
2563,GTEC
2564,GTES
2565,GTHX
2566,GTI
2567,GTIM
2568,GTLB
2569,GTLS
2570,GTN
2571,GTX
2572,GTY
2573,GUG
2574,GURE
2575,GUT
2576,GUTS
2577,GV
2578,GVA
2579,GVH
2580,GVP
2581,GWAV
2582,GWH
2583,GWRE
2584,GWRS
2585,GWW
2586,GXAI
2587,GXO
2588,GYRE
2589,H
2590,HA
2591,HAE
2592,HAFC
2593,HAFN
2594,HAIA
2595,HAIN
2596,HAL
2597,HALO
2598,HAO
2599,HAS
2600,HASI
2601,HAYN
2602,HAYW
2603,HBAN
2604,HBANL
2605,HBANM
2606,HBANP
2607,HBB
2608,HBCP
2609,HBI
2610,HBIO
2611,HBM
2612,HBNC
2613,HBT
2614,HCA
2615,HCAT
2616,HCC
2617,HCI
2618,HCKT
2619,HCM
2620,HCP
2621,HCSG
2622,HCTI
2623,HCVI
2624,HCVIW
2625,HCWB
2626,HD
2627,HDB
2628,HDL
2629,HDSN
2630,HE
2631,HEAR
2632,HEES
2633,HEI
2634,HELE
2635,HEPA
2636,HEPS
2637,HES
2638,HESM
2639,HFBL
2640,HFFG
2641,HFRO
2642,HFWA
2643,HG
2644,HGBL
2645,HGLB
2646,HGTY
2647,HGV
2648,HHGC
2649,HHGCU
2650,HHGCW
2651,HHH
2652,HHS
2653,HI
2654,HIBB
2655,HIE
2656,HIFS
2657,HIG
2658,HIHO
2659,HII
2660,HIMS
2661,HIMX
2662,HIPO
2663,HITI
2664,HIVE
2665,HIW
2666,HIX
2667,HKD
2668,HKIT
2669,HL
2670,HLF
2671,HLI
2672,HLIO
2673,HLIT
2674,HLLY
2675,HLMN
2676,HLN
2677,HLNE
2678,HLP
2679,HLT
2680,HLTH
2681,HLVX
2682,HLX
2683,HLXB
2684,HMC
2685,HMN
2686,HMNF
2687,HMST
2688,HMY
2689,HNI
2690,HNNA
2691,HNRA
2692,HNRG
2693,HNST
2694,HNVR
2695,HNW
2696,HOFT
2697,HOFV
2698,HOFVW
2699,HOG
2700,HOLI
2701,HOLO
2702,HOLOW
2703,HOLX
2704,HOMB
2705,HON
2706,HONE
2707,HOOD
2708,HOOK
2709,HOPE
2710,HOTH
2711,HOUR
2712,HOUS
2713,HOV
2714,HOVNP
2715,HOWL
2716,HP
2717,HPCO
2718,HPE
2719,HPF
2720,HPH
2721,HPI
2722,HPK
2723,HPKEW
2724,HPP
2725,HPQ
2726,HPS
2727,HQI
2728,HQY
2729,HR
2730,HRB
2731,HRI
2732,HRL
2733,HRMY
2734,HROW
2735,HRT
2736,HRTG
2737,HRTX
2738,HRYU
2739,HRZN
2740,HSAI
2741,HSBC
2742,HSCS
2743,HSDT
2744,HSHP
2745,HSIC
2746,HSII
2747,HSON
2748,HSPO
2749,HSPOU
2750,HST
2751,HSTM
2752,HSY
2753,HTBI
2754,HTBK
2755,HTCR
2756,HTD
2757,HTGC
2758,HTH
2759,HTHT
2760,HTIA
2761,HTIBP
2762,HTLD
2763,HTLF
2764,HTLFP
2765,HTOO
2766,HTOOW
2767,HTZ
2768,HTZWW
2769,HUBB
2770,HUBC
2771,HUBCW
2772,HUBCZ
2773,HUBG
2774,HUBS
2775,HUDA
2776,HUDI
2777,HUGE
2778,HUIZ
2779,HUM
2780,HUMA
2781,HUMAW
2782,HUN
2783,HURC
2784,HURN
2785,HUSA
2786,HUT
2787,HUYA
2788,HVT
2789,HWBK
2790,HWC
2791,HWKN
2792,HWM
2793,HXL
2794,HY
2795,HYB
2796,HYFM
2797,HYLN
2798,HYMC
2799,HYMCL
2800,HYMCW
2801,HYPR
2802,HYT
2803,HYW
2804,HYZN
2805,HYZNW
2806,HZO
2807,IAC
2808,IAG
2809,IART
2810,IAS
2811,IAUX
2812,IBAC
2813,IBCP
2814,IBEX
2815,IBIO
2816,IBKR
2817,IBM
2818,IBN
2819,IBOC
2820,IBP
2821,IBRX
2822,IBTA
2823,IBTX
2824,ICAD
2825,ICCC
2826,ICCH
2827,ICCM
2828,ICCT
2829,ICD
2830,ICE
2831,ICFI
2832,ICG
2833,ICHR
2834,ICL
2835,ICLK
2836,ICLR
2837,ICMB
2838,ICU
2839,ICUCW
2840,ICUI
2841,IDA
2842,IDAI
2843,IDCC
2844,IDEX
2845,IDN
2846,IDR
2847,IDT
2848,IDXX
2849,IDYA
2850,IE
2851,IEP
2852,IESC
2853,IEX
2854,IFBD
2855,IFF
2856,IFIN
2857,IFRX
2858,IFS
2859,IGC
2860,IGIC
2861,IGMS
2862,IGR
2863,IGT
2864,IGTA
2865,IGTAW
2866,IH
2867,IHG
2868,IHRT
2869,IHS
2870,IHT
2871,IHTA
2872,III
2873,IIIN
2874,IIIV
2875,IIM
2876,IINN
2877,IINNW
2878,IIPR
2879,IKNA
2880,IKT
2881,ILAG
2882,ILMN
2883,ILPT
2884,IMAB
2885,IMAQ
2886,IMAQW
2887,IMAX
2888,IMCC
2889,IMCR
2890,IMKTA
2891,IMMP
2892,IMMR
2893,IMMX
2894,IMNM
2895,IMNN
2896,IMO
2897,IMOS
2898,IMPP
2899,IMPPP
2900,IMRN
2901,IMRX
2902,IMTE
2903,IMTX
2904,IMTXW
2905,IMUX
2906,IMVT
2907,IMXI
2908,INAB
2909,INAQ
2910,INAQW
2911,INBK
2912,INBS
2913,INBX
2914,INCR
2915,INCY
2916,INDB
2917,INDI
2918,INDO
2919,INDP
2920,INDV
2921,INFA
2922,INFN
2923,INFU
2924,INFY
2925,ING
2926,INGN
2927,INGR
2928,INHD
2929,INKT
2930,INLX
2931,INM
2932,INMB
2933,INMD
2934,INN
2935,INNV
2936,INO
2937,INOD
2938,INSE
2939,INSG
2940,INSM
2941,INSP
2942,INST
2943,INSW
2944,INTA
2945,INTC
2946,INTE
2947,INTG
2948,INTJ
2949,INTR
2950,INTS
2951,INTT
2952,INTU
2953,INTZ
2954,INUV
2955,INVA
2956,INVE
2957,INVH
2958,INVO
2959,INVZ
2960,INVZW
2961,INXBV
2962,INZY
2963,IOBT
2964,IONM
2965,IONQ
2966,IONR
2967,IONS
2968,IOR
2969,IOSP
2970,IOT
2971,IOVA
2972,IP
2973,IPA
2974,IPAR
2975,IPDN
2976,IPG
2977,IPGP
2978,IPHA
2979,IPI
2980,IPSC
2981,IPW
2982,IPWR
2983,IPX
2984,IQ
2985,IQI
2986,IQV
2987,IR
2988,IRAA
2989,IRAAU
2990,IRAAW
2991,IRBT
2992,IRDM
2993,IREN
2994,IRIX
2995,IRM
2996,IRMD
2997,IROH
2998,IROHU
2999,IRON
3000,IROQ
3001,IRS
3002,IRT
3003,IRTC
3004,IRWD
3005,ISD
3006,ISDR
3007,ISPC
3008,ISPO
3009,ISPOW
3010,ISPR
3011,ISRG
3012,ISRL
3013,ISRLU
3014,ISRLW
3015,ISSC
3016,ISTR
3017,IT
3018,ITCI
3019,ITGR
3020,ITI
3021,ITIC
3022,ITOS
3023,ITP
3024,ITRG
3025,ITRI
3026,ITRM
3027,ITRN
3028,ITT
3029,ITUB
3030,ITW
3031,IVA
3032,IVAC
3033,IVCA
3034,IVCAW
3035,IVCB
3036,IVCBW
3037,IVCP
3038,IVCPW
3039,IVDA
3040,IVDAW
3041,IVP
3042,IVR
3043,IVT
3044,IVVD
3045,IVZ
3046,IX
3047,IXAQ
3048,IXAQW
3049,IXHL
3050,IZEA
3051,IZM
3052,J
3053,JACK
3054,JAGX
3055,JAKK
3056,JAMF
3057,JAN
3058,JANX
3059,JAZZ
3060,JBGS
3061,JBHT
3062,JBI
3063,JBL
3064,JBLU
3065,JBSS
3066,JBT
3067,JCI
3068,JCSE
3069,JCTCF
3070,JD
3071,JDZG
3072,JEF
3073,JELD
3074,JEQ
3075,JEWL
3076,JFBR
3077,JFBRW
3078,JFIN
3079,JFR
3080,JFU
3081,JG
3082,JGH
3083,JHG
3084,JHI
3085,JHS
3086,JHX
3087,JILL
3088,JJSF
3089,JKHY
3090,JKS
3091,JL
3092,JLL
3093,JLS
3094,JMIA
3095,JMM
3096,JMSB
3097,JNJ
3098,JNPR
3099,JNVR
3100,JOB
3101,JOBY
3102,JOE
3103,JOUT
3104,JPC
3105,JPI
3106,JPM
3107,JQC
3108,JRI
3109,JRS
3110,JRSH
3111,JRVR
3112,JSPR
3113,JTAI
3114,JTAIW
3115,JTAIZ
3116,JUNE
3117,JVA
3118,JVSA
3119,JVSAU
3120,JWEL
3121,JWN
3122,JWSM
3123,JXJT
3124,JXN
3125,JYD
3126,JYNT
3127,JZ
3128,K
3129,KA
3130,KACL
3131,KACLU
3132,KACLW
3133,KAI
3134,KALA
3135,KALU
3136,KALV
3137,KAR
3138,KARO
3139,KAVL
3140,KB
3141,KBDC
3142,KBH
3143,KBR
3144,KC
3145,KCGI
3146,KD
3147,KDP
3148,KE
3149,KELYA
3150,KELYB
3151,KEN
3152,KEP
3153,KEQU
3154,KEX
3155,KEY
3156,KEYS
3157,KFFB
3158,KFRC
3159,KFS
3160,KFY
3161,KGC
3162,KGEI
3163,KGS
3164,KHC
3165,KIDS
3166,KIM
3167,KIND
3168,KINS
3169,KIO
3170,KIRK
3171,KITT
3172,KITTW
3173,KKR
3174,KLAC
3175,KLG
3176,KLIC
3177,KLTR
3178,KLXE
3179,KMB
3180,KMDA
3181,KMI
3182,KMPR
3183,KMT
3184,KMX
3185,KN
3186,KNDI
3187,KNF
3188,KNOP
3189,KNSA
3190,KNSL
3191,KNTK
3192,KNW
3193,KNX
3194,KO
3195,KOD
3196,KODK
3197,KOF
3198,KOP
3199,KOPN
3200,KORE
3201,KOS
3202,KOSS
3203,KPLT
3204,KPLTW
3205,KPRX
3206,KPTI
3207,KR
3208,KRC
3209,KREF
3210,KRG
3211,KRKR
3212,KRMD
3213,KRNL
3214,KRNLW
3215,KRNT
3216,KRNY
3217,KRO
3218,KRON
3219,KROS
3220,KRP
3221,KRRO
3222,KRT
3223,KRUS
3224,KRYS
3225,KSCP
3226,KSM
3227,KSPI
3228,KSS
3229,KT
3230,KTB
3231,KTCC
3232,KTF
3233,KTOS
3234,KTRA
3235,KTTA
3236,KTTAW
3237,KUKE
3238,KULR
3239,KURA
3240,KVAC
3241,KVACU
3242,KVACW
3243,KVHI
3244,KVUE
3245,KVYO
3246,KW
3247,KWE
3248,KWESW
3249,KWR
3250,KXIN
3251,KYMR
3252,KYN
3253,KYTX
3254,KZIA
3255,KZR
3256,L
3257,LAAC
3258,LAB
3259,LAC
3260,LAD
3261,LADR
3262,LAES
3263,LAKE
3264,LAMR
3265,LANC
3266,LAND
3267,LANDM
3268,LANDO
3269,LANDP
3270,LANV
3271,LARK
3272,LASE
3273,LASR
3274,LATG
3275,LATGU
3276,LAUR
3277,LAW
3278,LAZ
3279,LAZR
3280,LBPH
3281,LBRDA
3282,LBRDK
3283,LBRDP
3284,LBRT
3285,LBTYA
3286,LBTYB
3287,LBTYK
3288,LC
3289,LCFY
3290,LCID
3291,LCII
3292,LCNB
3293,LCTX
3294,LCUT
3295,LCW
3296,LDI
3297,LDOS
3298,LDP
3299,LDTC
3300,LDTCW
3301,LDWY
3302,LE
3303,LEA
3304,LECO
3305,LEDS
3306,LEE
3307,LEG
3308,LEGH
3309,LEGN
3310,LEN
3311,LENZ
3312,LEO
3313,LESL
3314,LEU
3315,LEV
3316,LEVI
3317,LEXX
3318,LEXXW
3319,LFCR
3320,LFLY
3321,LFLYW
3322,LFMD
3323,LFMDP
3324,LFST
3325,LFT
3326,LFUS
3327,LFVN
3328,LFWD
3329,LGCB
3330,LGCL
3331,LGHL
3332,LGHLW
3333,LGI
3334,LGIH
3335,LGL
3336,LGMK
3337,LGND
3338,LGO
3339,LGVN
3340,LH
3341,LHX
3342,LI
3343,LICN
3344,LICY
3345,LIDR
3346,LIDRW
3347,LIFE
3348,LIFW
3349,LIFWW
3350,LIFWZ
3351,LII
3352,LILA
3353,LILAK
3354,LILM
3355,LILMW
3356,LIN
3357,LINC
3358,LIND
3359,LINK
3360,LION
3361,LIPO
3362,LIQT
3363,LITB
3364,LITE
3365,LITM
3366,LIVE
3367,LIVN
3368,LIXT
3369,LIXTW
3370,LKCO
3371,LKFN
3372,LKQ
3373,LL
3374,LLAP
3375,LLY
3376,LLYVA
3377,LLYVK
3378,LMAT
3379,LMB
3380,LMFA
3381,LMND
3382,LMNR
3383,LMT
3384,LNC
3385,LND
3386,LNG
3387,LNKB
3388,LNN
3389,LNSR
3390,LNT
3391,LNTH
3392,LNW
3393,LNZA
3394,LNZAW
3395,LOAN
3396,LOAR
3397,LOB
3398,LOBO
3399,LOCL
3400,LOCO
3401,LODE
3402,LOGC
3403,LOGI
3404,LOMA
3405,LOOP
3406,LOPE
3407,LOT
3408,LOTWW
3409,LOVE
3410,LOW
3411,LPA
3412,LPCN
3413,LPG
3414,LPL
3415,LPLA
3416,LPRO
3417,LPSN
3418,LPTH
3419,LPTV
3420,LPTX
3421,LPX
3422,LQDA
3423,LQDT
3424,LQR
3425,LRCX
3426,LRE
3427,LRFC
3428,LRHC
3429,LRMR
3430,LRN
3431,LSAK
3432,LSB
3433,LSBK
3434,LSBPW
3435,LSCC
3436,LSDI
3437,LSEA
3438,LSEAW
3439,LSF
3440,LSPD
3441,LSTA
3442,LSTR
3443,LSXMA
3444,LSXMB
3445,LSXMK
3446,LTBR
3447,LTC
3448,LTH
3449,LTRN
3450,LTRX
3451,LTRY
3452,LTRYW
3453,LU
3454,LUCD
3455,LUCY
3456,LUCYW
3457,LULU
3458,LUMN
3459,LUMO
3460,LUNA
3461,LUNG
3462,LUNR
3463,LUNRW
3464,LUV
3465,LUXH
3466,LUXHP
3467,LVLU
3468,LVO
3469,LVRO
3470,LVROW
3471,LVS
3472,LVTX
3473,LVWR
3474,LW
3475,LWAY
3476,LWLG
3477,LX
3478,LXEH
3479,LXEO
3480,LXFR
3481,LXP
3482,LXRX
3483,LXU
3484,LYB
3485,LYEL
3486,LYFT
3487,LYG
3488,LYRA
3489,LYT
3490,LYTS
3491,LYV
3492,LZ
3493,LZB
3494,LZM
3495,M
3496,MA
3497,MAA
3498,MAC
3499,MACA
3500,MACAW
3501,MAG
3502,MAIA
3503,MAIN
3504,MAMA
3505,MAMO
3506,MAN
3507,MANH
3508,MANU
3509,MAPS
3510,MAPSW
3511,MAQC
3512,MAQCW
3513,MAR
3514,MARA
3515,MARX
3516,MARXU
3517,MAS
3518,MASI
3519,MASS
3520,MAT
3521,MATH
3522,MATV
3523,MATW
3524,MATX
3525,MAV
3526,MAX
3527,MAXN
3528,MAYS
3529,MBC
3530,MBCN
3531,MBI
3532,MBIN
3533,MBINM
3534,MBINN
3535,MBINO
3536,MBIO
3537,MBLY
3538,MBOT
3539,MBRX
3540,MBUU
3541,MBWM
3542,MC
3543,MCAA
3544,MCAC
3545,MCACW
3546,MCAG
3547,MCAGU
3548,MCB
3549,MCBC
3550,MCBS
3551,MCD
3552,MCFT
3553,MCHP
3554,MCHX
3555,MCI
3556,MCK
3557,MCO
3558,MCR
3559,MCRB
3560,MCRI
3561,MCS
3562,MCVT
3563,MCW
3564,MCY
3565,MD
3566,MDAI
3567,MDAIW
3568,MDB
3569,MDBH
3570,MDGL
3571,MDIA
3572,MDJH
3573,MDLZ
3574,MDRR
3575,MDRRP
3576,MDT
3577,MDU
3578,MDV
3579,MDWD
3580,MDXG
3581,MDXH
3582,ME
3583,MEC
3584,MED
3585,MEDP
3586,MEDS
3587,MEG
3588,MEGI
3589,MEGL
3590,MEI
3591,MEIP
3592,MELI
3593,MEOH
3594,MERC
3595,MESA
3596,MESO
3597,MET
3598,META
3599,METC
3600,METCB
3601,MFA
3602,MFC
3603,MFD
3604,MFG
3605,MFH
3606,MFI
3607,MFIC
3608,MFIN
3609,MFM
3610,MG
3611,MGA
3612,MGEE
3613,MGIC
3614,MGIH
3615,MGLD
3616,MGM
3617,MGNI
3618,MGNX
3619,MGOL
3620,MGPI
3621,MGRC
3622,MGRM
3623,MGRX
3624,MGTX
3625,MGX
3626,MGY
3627,MGYR
3628,MHD
3629,MHH
3630,MHI
3631,MHK
3632,MHLD
3633,MHN
3634,MHO
3635,MHUA
3636,MI
3637,MIDD
3638,MIGI
3639,MIND
3640,MINDP
3641,MINM
3642,MIO
3643,MIR
3644,MIRA
3645,MIRM
3646,MIST
3647,MITA
3648,MITAW
3649,MITK
3650,MITQ
3651,MITT
3652,MIY
3653,MKC
3654,MKFG
3655,MKL
3656,MKSI
3657,MKTW
3658,MKTX
3659,ML
3660,MLAB
3661,MLCO
3662,MLEC
3663,MLECW
3664,MLGO
3665,MLI
3666,MLKN
3667,MLM
3668,MLNK
3669,MLP
3670,MLR
3671,MLSS
3672,MLTX
3673,MLYS
3674,MMA
3675,MMAT
3676,MMC
3677,MMD
3678,MMI
3679,MMLP
3680,MMM
3681,MMS
3682,MMSI
3683,MMT
3684,MMU
3685,MMV
3686,MMVWW
3687,MMYT
3688,MNDO
3689,MNDR
3690,MNDY
3691,MNKD
3692,MNMD
3693,MNOV
3694,MNPR
3695,MNR
3696,MNRO
3697,MNSB
3698,MNSBP
3699,MNSO
3700,MNST
3701,MNTK
3702,MNTN
3703,MNTS
3704,MNTSW
3705,MNTX
3706,MNY
3707,MNYWW
3708,MO
3709,MOB
3710,MOBBW
3711,MOBX
3712,MOBXW
3713,MOD
3714,MODD
3715,MODG
3716,MODN
3717,MODV
3718,MOFG
3719,MOGO
3720,MOGU
3721,MOH
3722,MOLN
3723,MOMO
3724,MOND
3725,MOR
3726,MORF
3727,MORN
3728,MOS
3729,MOV
3730,MOVE
3731,MP
3732,MPA
3733,MPAA
3734,MPB
3735,MPC
3736,MPLN
3737,MPLX
3738,MPTI
3739,MPU
3740,MPV
3741,MPW
3742,MPWR
3743,MPX
3744,MQ
3745,MQT
3746,MQY
3747,MRAM
3748,MRBK
3749,MRC
3750,MRCC
3751,MRCY
3752,MRDB
3753,MREO
3754,MRIN
3755,MRK
3756,MRKR
3757,MRM
3758,MRNA
3759,MRNO
3760,MRNOW
3761,MRNS
3762,MRO
3763,MRSN
3764,MRT
3765,MRTN
3766,MRUS
3767,MRVI
3768,MRVL
3769,MRX
3770,MS
3771,MSA
3772,MSAI
3773,MSAIW
3774,MSB
3775,MSBI
3776,MSBIP
3777,MSC
3778,MSCI
3779,MSDL
3780,MSEX
3781,MSFT
3782,MSGE
3783,MSGM
3784,MSGS
3785,MSI
3786,MSM
3787,MSN
3788,MSS
3789,MSSA
3790,MSSAW
3791,MSTR
3792,MT
3793,MTA
3794,MTAL
3795,MTB
3796,MTC
3797,MTCH
3798,MTD
3799,MTDR
3800,MTEK
3801,MTEKW
3802,MTEM
3803,MTEN
3804,MTEX
3805,MTG
3806,MTH
3807,MTLS
3808,MTN
3809,MTNB
3810,MTRN
3811,MTRX
3812,MTSI
3813,MTTR
3814,MTUS
3815,MTW
3816,MTX
3817,MTZ
3818,MU
3819,MUA
3820,MUC
3821,MUE
3822,MUFG
3823,MUI
3824,MUJ
3825,MULN
3826,MUR
3827,MURA
3828,MUSA
3829,MUX
3830,MVBF
3831,MVF
3832,MVIS
3833,MVST
3834,MVSTW
3835,MVT
3836,MWA
3837,MWG
3838,MX
3839,MXC
3840,MXCT
3841,MXL
3842,MYD
3843,MYE
3844,MYFW
3845,MYGN
3846,MYI
3847,MYMD
3848,MYN
3849,MYNA
3850,MYND
3851,MYNZ
3852,MYO
3853,MYPS
3854,MYPSW
3855,MYRG
3856,MYSZ
3857,MYTE
3858,NAAS
3859,NABL
3860,NAC
3861,NAD
3862,NAII
3863,NAK
3864,NAMS
3865,NAMSW
3866,NAN
3867,NAOV
3868,NAPA
3869,NARI
3870,NAT
3871,NATH
3872,NATL
3873,NATR
3874,NAUT
3875,NAVI
3876,NAZ
3877,NB
3878,NBB
3879,NBBK
3880,NBHC
3881,NBIX
3882,NBN
3883,NBR
3884,NBST
3885,NBSTU
3886,NBSTW
3887,NBTB
3888,NBTX
3889,NBXG
3890,NBY
3891,NC
3892,NCDL
3893,NCI
3894,NCL
3895,NCLH
3896,NCMI
3897,NCNA
3898,NCNC
3899,NCNCW
3900,NCNO
3901,NCPL
3902,NCPLW
3903,NCRA
3904,NCSM
3905,NCTY
3906,NCV
3907,NCZ
3908,NDAQ
3909,NDLS
3910,NDMO
3911,NDP
3912,NDRA
3913,NDSN
3914,NE
3915,NEA
3916,NECB
3917,NEE
3918,NEGG
3919,NEM
3920,NEN
3921,NEO
3922,NEOG
3923,NEON
3924,NEOV
3925,NEP
3926,NEPH
3927,NERV
3928,NET
3929,NEU
3930,NEUE
3931,NEWP
3932,NEWT
3933,NEXA
3934,NEXI
3935,NEXN
3936,NEXT
3937,NFBK
3938,NFE
3939,NFG
3940,NFGC
3941,NFLX
3942,NFYS
3943,NG
3944,NGD
3945,NGG
3946,NGL
3947,NGNE
3948,NGS
3949,NGVC
3950,NGVT
3951,NHC
3952,NHI
3953,NHS
3954,NHTC
3955,NI
3956,NIC
3957,NICE
3958,NICK
3959,NINE
3960,NIO
3961,NIOBW
3962,NISN
3963,NITO
3964,NIU
3965,NIVF
3966,NIVFW
3967,NJR
3968,NKE
3969,NKGN
3970,NKGNW
3971,NKLA
3972,NKSH
3973,NKTR
3974,NKTX
3975,NKX
3976,NL
3977,NLOP
3978,NLSP
3979,NLSPW
3980,NLY
3981,NMAI
3982,NMCO
3983,NMFC
3984,NMG
3985,NMHI
3986,NMHIW
3987,NMIH
3988,NML
3989,NMM
3990,NMR
3991,NMRA
3992,NMRK
3993,NMS
3994,NMT
3995,NMTC
3996,NMZ
3997,NN
3998,NNAG
3999,NNAGU
4000,NNAGW
4001,NNAVW
4002,NNBR
4003,NNDM
4004,NNE
4005,NNI
4006,NNN
4007,NNOX
4008,NNVC
4009,NOA
4010,NOAH
4011,NOC
4012,NODK
4013,NOG
4014,NOK
4015,NOM
4016,NOMD
4017,NOTE
4018,NOTV
4019,NOV
4020,NOVA
4021,NOVT
4022,NOVV
4023,NOVVW
4024,NOW
4025,NPAB
4026,NPABU
4027,NPABW
4028,NPCE
4029,NPCT
4030,NPFD
4031,NPK
4032,NPO
4033,NPV
4034,NPWR
4035,NQP
4036,NR
4037,NRBO
4038,NRC
4039,NRDS
4040,NRDY
4041,NREF
4042,NRG
4043,NRGV
4044,NRIM
4045,NRIX
4046,NRK
4047,NRO
4048,NRP
4049,NRSN
4050,NRSNW
4051,NRT
4052,NRXP
4053,NRXPW
4054,NRXS
4055,NSA
4056,NSC
4057,NSIT
4058,NSP
4059,NSPR
4060,NSSC
4061,NSTS
4062,NSYS
4063,NTAP
4064,NTB
4065,NTBL
4066,NTCT
4067,NTES
4068,NTG
4069,NTGR
4070,NTIC
4071,NTIP
4072,NTLA
4073,NTNX
4074,NTR
4075,NTRA
4076,NTRB
4077,NTRBW
4078,NTRP
4079,NTRS
4080,NTRSO
4081,NTST
4082,NTWK
4083,NTZ
4084,NU
4085,NUE
4086,NUKK
4087,NURO
4088,NUS
4089,NUTX
4090,NUVB
4091,NUVL
4092,NUVO
4093,NUVOW
4094,NUWE
4095,NUZE
4096,NVAC
4097,NVAX
4098,NVCR
4099,NVCT
4100,NVDA
4101,NVEC
4102,NVEE
4103,NVEI
4104,NVFY
4105,NVG
4106,NVGS
4107,NVMI
4108,NVNI
4109,NVNO
4110,NVO
4111,NVOS
4112,NVR
4113,NVRI
4114,NVRO
4115,NVS
4116,NVST
4117,NVT
4118,NVTS
4119,NVVE
4120,NVVEW
4121,NWBI
4122,NWE
4123,NWFL
4124,NWG
4125,NWGL
4126,NWL
4127,NWLI
4128,NWN
4129,NWPX
4130,NWS
4131,NWSA
4132,NWTN
4133,NWTNW
4134,NX
4135,NXDT
4136,NXE
4137,NXG
4138,NXGL
4139,NXGLW
4140,NXJ
4141,NXL
4142,NXLIW
4143,NXPI
4144,NXPL
4145,NXPLW
4146,NXRT
4147,NXST
4148,NXT
4149,NXTC
4150,NXTT
4151,NXU
4152,NYAX
4153,NYC
4154,NYCB
4155,NYMT
4156,NYMTL
4157,NYMTM
4158,NYMTN
4159,NYMTZ
4160,NYT
4161,NYXH
4162,NZF
4163,O
4164,OABI
4165,OABIW
4166,OAKU
4167,OAKUU
4168,OAKUW
4169,OB
4170,OBDC
4171,OBDE
4172,OBE
4173,OBIO
4174,OBK
4175,OBLG
4176,OBT
4177,OC
4178,OCAX
4179,OCAXU
4180,OCC
4181,OCCI
4182,OCCIN
4183,OCCIO
4184,OCEA
4185,OCEAW
4186,OCFC
4187,OCFCP
4188,OCFT
4189,OCG
4190,OCGN
4191,OCN
4192,OCS
4193,OCSL
4194,OCTO
4195,OCUL
4196,OCUP
4197,OCX
4198,ODC
4199,ODD
4200,ODFL
4201,ODP
4202,ODV
4203,ODVWZ
4204,OEC
4205,OESX
4206,OFG
4207,OFIX
4208,OFLX
4209,OFS
4210,OGE
4211,OGEN
4212,OGI
4213,OGN
4214,OGS
4215,OHI
4216,OI
4217,OIA
4218,OII
4219,OIS
4220,OKE
4221,OKLO
4222,OKTA
4223,OKYO
4224,OLB
4225,OLED
4226,OLK
4227,OLLI
4228,OLMA
4229,OLN
4230,OLO
4231,OLP
4232,OLPX
4233,OM
4234,OMAB
4235,OMC
4236,OMCL
4237,OMER
4238,OMEX
4239,OMF
4240,OMGA
4241,OMH
4242,OMI
4243,OMIC
4244,ON
4245,ONB
4246,ONBPO
4247,ONBPP
4248,ONCO
4249,ONCT
4250,ONCY
4251,ONDS
4252,ONEW
4253,ONFO
4254,ONFOW
4255,ONL
4256,ONMD
4257,ONMDW
4258,ONON
4259,ONTF
4260,ONTO
4261,ONVO
4262,ONYX
4263,ONYXW
4264,OOMA
4265,OP
4266,OPAD
4267,OPAL
4268,OPBK
4269,OPCH
4270,OPEN
4271,OPFI
4272,OPGN
4273,OPHC
4274,OPI
4275,OPK
4276,OPOF
4277,OPP
4278,OPRA
4279,OPRT
4280,OPRX
4281,OPT
4282,OPTN
4283,OPTT
4284,OPTX
4285,OPTXW
4286,OPXS
4287,OPY
4288,OR
4289,ORA
4290,ORAN
4291,ORC
4292,ORCL
4293,ORGN
4294,ORGNW
4295,ORGO
4296,ORGS
4297,ORI
4298,ORIC
4299,ORLA
4300,ORLY
4301,ORMP
4302,ORN
4303,ORRF
4304,OSBC
4305,OSCR
4306,OSG
4307,OSIS
4308,OSPN
4309,OSS
4310,OST
4311,OSUR
4312,OSW
4313,OTEX
4314,OTIS
4315,OTLK
4316,OTLY
4317,OTRK
4318,OTTR
4319,OUST
4320,OUT
4321,OVBC
4322,OVID
4323,OVLY
4324,OVV
4325,OWL
4326,OWLT
4327,OXBR
4328,OXBRW
4329,OXLC
4330,OXLCM
4331,OXLCN
4332,OXLCO
4333,OXLCP
4334,OXM
4335,OXSQ
4336,OXY
4337,OZ
4338,OZK
4339,OZKAP
4340,PAA
4341,PAAS
4342,PAC
4343,PACB
4344,PACK
4345,PACS
4346,PAG
4347,PAGP
4348,PAGS
4349,PAHC
4350,PALI
4351,PALT
4352,PAM
4353,PANL
4354,PANW
4355,PAPL
4356,PAR
4357,PARA
4358,PARAA
4359,PARR
4360,PASG
4361,PATH
4362,PATK
4363,PAVM
4364,PAVMZ
4365,PAVS
4366,PAX
4367,PAXS
4368,PAY
4369,PAYC
4370,PAYO
4371,PAYOW
4372,PAYS
4373,PAYX
4374,PB
4375,PBA
4376,PBBK
4377,PBF
4378,PBFS
4379,PBH
4380,PBHC
4381,PBI
4382,PBM
4383,PBMWW
4384,PBPB
4385,PBR
4386,PBYI
4387,PCAR
4388,PCB
4389,PCG
4390,PCH
4391,PCK
4392,PCM
4393,PCN
4394,PCOR
4395,PCQ
4396,PCRX
4397,PCSA
4398,PCT
4399,PCTTW
4400,PCTY
4401,PCVX
4402,PCYO
4403,PD
4404,PDCO
4405,PDD
4406,PDEX
4407,PDFS
4408,PDI
4409,PDLB
4410,PDM
4411,PDS
4412,PDSB
4413,PDT
4414,PDX
4415,PDYN
4416,PDYNW
4417,PEB
4418,PEBK
4419,PEBO
4420,PECO
4421,PED
4422,PEG
4423,PEGA
4424,PEGR
4425,PEGRW
4426,PEGY
4427,PEN
4428,PENN
4429,PEP
4430,PEPG
4431,PERF
4432,PERI
4433,PESI
4434,PET
4435,PETQ
4436,PETS
4437,PETWW
4438,PETZ
4439,PEV
4440,PFBC
4441,PFC
4442,PFD
4443,PFE
4444,PFG
4445,PFGC
4446,PFIE
4447,PFIS
4448,PFL
4449,PFLT
4450,PFMT
4451,PFN
4452,PFO
4453,PFS
4454,PFSI
4455,PFTA
4456,PFTAU
4457,PFX
4458,PG
4459,PGC
4460,PGEN
4461,PGNY
4462,PGP
4463,PGR
4464,PGRE
4465,PGRU
4466,PGY
4467,PGYWW
4468,PGZ
4469,PH
4470,PHAR
4471,PHAT
4472,PHD
4473,PHG
4474,PHI
4475,PHIN
4476,PHIO
4477,PHK
4478,PHM
4479,PHR
4480,PHT
4481,PHUN
4482,PHVS
4483,PHX
4484,PHYT
4485,PI
4486,PII
4487,PIII
4488,PIIIW
4489,PIK
4490,PINC
4491,PINE
4492,PINS
4493,PIPR
4494,PIRS
4495,PIXY
4496,PJT
4497,PK
4498,PKBK
4499,PKE
4500,PKG
4501,PKOH
4502,PKST
4503,PKX
4504,PL
4505,PLAB
4506,PLAG
4507,PLAO
4508,PLAOW
4509,PLAY
4510,PLBC
4511,PLBY
4512,PLCE
4513,PLD
4514,PLG
4515,PLL
4516,PLMI
4517,PLMIU
4518,PLMIW
4519,PLMJ
4520,PLMJW
4521,PLMR
4522,PLNT
4523,PLOW
4524,PLPC
4525,PLRX
4526,PLSE
4527,PLTK
4528,PLTN
4529,PLTNU
4530,PLTNW
4531,PLTR
4532,PLUG
4533,PLUR
4534,PLUS
4535,PLX
4536,PLXS
4537,PLYA
4538,PLYM
4539,PM
4540,PMCB
4541,PMD
4542,PMEC
4543,PMF
4544,PML
4545,PMM
4546,PMN
4547,PMNT
4548,PMO
4549,PMT
4550,PMTS
4551,PMVP
4552,PMX
4553,PNBK
4554,PNC
4555,PNF
4556,PNFP
4557,PNFPP
4558,PNI
4559,PNM
4560,PNNT
4561,PNR
4562,PNRG
4563,PNST
4564,PNTG
4565,PNW
4566,POAI
4567,POCI
4568,PODC
4569,PODD
4570,POET
4571,POLA
4572,POOL
4573,POR
4574,POST
4575,POWI
4576,POWL
4577,POWW
4578,POWWP
4579,PPBI
4580,PPBT
4581,PPC
4582,PPG
4583,PPIH
4584,PPL
4585,PPSI
4586,PPTA
4587,PR
4588,PRA
4589,PRAA
4590,PRAX
4591,PRCH
4592,PRCT
4593,PRDO
4594,PRE
4595,PRENW
4596,PRFT
4597,PRFX
4598,PRG
4599,PRGO
4600,PRGS
4601,PRI
4602,PRIM
4603,PRK
4604,PRKS
4605,PRLB
4606,PRLD
4607,PRLH
4608,PRM
4609,PRME
4610,PRMW
4611,PRO
4612,PROC
4613,PROCW
4614,PROF
4615,PROK
4616,PROP
4617,PROV
4618,PRPH
4619,PRPL
4620,PRPO
4621,PRQR
4622,PRSO
4623,PRST
4624,PRSTW
4625,PRTA
4626,PRTC
4627,PRTG
4628,PRTH
4629,PRTS
4630,PRU
4631,PRVA
4632,PRZO
4633,PSA
4634,PSBD
4635,PSEC
4636,PSF
4637,PSFE
4638,PSHG
4639,PSMT
4640,PSN
4641,PSNL
4642,PSNY
4643,PSNYW
4644,PSO
4645,PSQH
4646,PSTG
4647,PSTL
4648,PSTV
4649,PSTX
4650,PSX
4651,PT
4652,PTA
4653,PTC
4654,PTCT
4655,PTEN
4656,PTGX
4657,PTIX
4658,PTIXW
4659,PTLO
4660,PTMN
4661,PTN
4662,PTON
4663,PTPI
4664,PTSI
4665,PTVE
4666,PTWO
4667,PTWOU
4668,PTWOW
4669,PTY
4670,PUBM
4671,PUK
4672,PULM
4673,PUMP
4674,PVBC
4675,PVH
4676,PW
4677,PWFL
4678,PWM
4679,PWOD
4680,PWP
4681,PWR
4682,PWSC
4683,PWUP
4684,PX
4685,PXDT
4686,PXLW
4687,PXS
4688,PXSAP
4689,PXSAW
4690,PYCR
4691,PYN
4692,PYPD
4693,PYPL
4694,PYXS
4695,PZC
4696,PZG
4697,PZZA
4698,QBTS
4699,QCOM
4700,QCRH
4701,QD
4702,QDEL
4703,QFIN
4704,QGEN
4705,QH
4706,QIPT
4707,QLGN
4708,QLI
4709,QLYS
4710,QMCO
4711,QNCX
4712,QNRX
4713,QNST
4714,QOMO
4715,QRHC
4716,QRTEA
4717,QRTEB
4718,QRTEP
4719,QRVO
4720,QS
4721,QSG
4722,QSI
4723,QSIAW
4724,QSR
4725,QTI
4726,QTRX
4727,QTTB
4728,QTWO
4729,QUAD
4730,QUBT
4731,QUIK
4732,QURE
4733,R
4734,RA
4735,RACE
4736,RAIL
4737,RAMP
4738,RAND
4739,RANI
4740,RAPT
4741,RARE
4742,RAVE
4743,RAY
4744,RAYA
4745,RBA
4746,RBB
4747,RBBN
4748,RBC
4749,RBCAA
4750,RBCP
4751,RBKB
4752,RBLX
4753,RBOT
4754,RBT
4755,RC
4756,RCAT
4757,RCEL
4758,RCFA
4759,RCG
4760,RCI
4761,RCKT
4762,RCKTW
4763,RCKY
4764,RCL
4765,RCM
4766,RCMT
4767,RCON
4768,RCRT
4769,RCRTW
4770,RCS
4771,RCUS
4772,RDCM
4773,RDDT
4774,RDFN
4775,RDHL
4776,RDI
4777,RDIB
4778,RDN
4779,RDNT
4780,RDUS
4781,RDVT
4782,RDW
4783,RDWR
4784,RDY
4785,RDZN
4786,RDZNW
4787,REAL
4788,REAX
4789,REBN
4790,REE
4791,REFI
4792,REFR
4793,REG
4794,REGCO
4795,REGCP
4796,REGN
4797,REI
4798,REKR
4799,RELI
4800,RELIW
4801,RELL
4802,RELX
4803,RELY
4804,RENB
4805,RENE
4806,RENEW
4807,RENT
4808,REPL
4809,RERE
4810,RES
4811,RETO
4812,REVB
4813,REVG
4814,REX
4815,REXR
4816,REYN
4817,REZI
4818,RF
4819,RFAC
4820,RFIL
4821,RFL
4822,RFMZ
4823,RGA
4824,RGC
4825,RGEN
4826,RGF
4827,RGLD
4828,RGLS
4829,RGNX
4830,RGP
4831,RGR
4832,RGS
4833,RGT
4834,RGTI
4835,RGTIW
4836,RH
4837,RHE
4838,RHI
4839,RHP
4840,RICK
4841,RIG
4842,RIGL
4843,RILY
4844,RILYL
4845,RILYP
4846,RIO
4847,RIOT
4848,RITM
4849,RIVN
4850,RJF
4851,RKDA
4852,RKLB
4853,RKT
4854,RL
4855,RLAY
4856,RLGT
4857,RLI
4858,RLJ
4859,RLMD
4860,RLTY
4861,RLX
4862,RLYB
4863,RM
4864,RMAX
4865,RMBI
4866,RMBL
4867,RMBS
4868,RMCF
4869,RMCO
4870,RMCOW
4871,RMD
4872,RMI
4873,RMM
4874,RMMZ
4875,RMNI
4876,RMR
4877,RMT
4878,RMTI
4879,RNA
4880,RNAC
4881,RNAZ
4882,RNG
4883,RNGR
4884,RNLX
4885,RNP
4886,RNR
4887,RNST
4888,RNW
4889,RNWWW
4890,RNXT
4891,ROAD
4892,ROCK
4893,ROCL
4894,ROCLU
4895,ROCLW
4896,ROG
4897,ROIC
4898,ROIV
4899,ROK
4900,ROKU
4901,ROL
4902,ROMA
4903,ROOT
4904,ROP
4905,ROST
4906,RPAY
4907,RPD
4908,RPHM
4909,RPID
4910,RPM
4911,RPRX
4912,RPTX
4913,RQI
4914,RR
4915,RRAC
4916,RRBI
4917,RRC
4918,RRGB
4919,RRR
4920,RRX
4921,RS
4922,RSF
4923,RSG
4924,RSI
4925,RSKD
4926,RSLS
4927,RSSS
4928,RSVR
4929,RSVRW
4930,RTC
4931,RTO
4932,RTX
4933,RUM
4934,RUMBW
4935,RUN
4936,RUSHA
4937,RUSHB
4938,RVLV
4939,RVMD
4940,RVMDW
4941,RVNC
4942,RVP
4943,RVPH
4944,RVPHW
4945,RVSB
4946,RVSN
4947,RVSNW
4948,RVT
4949,RVTY
4950,RVYL
4951,RWAY
4952,RWOD
4953,RWODW
4954,RWT
4955,RXO
4956,RXRX
4957,RXST
4958,RXT
4959,RY
4960,RYAAY
4961,RYAM
4962,RYAN
4963,RYDE
4964,RYI
4965,RYN
4966,RYTM
4967,RZLT
4968,S
4969,SA
4970,SABR
4971,SABS
4972,SABSW
4973,SACH
4974,SAFE
4975,SAFT
4976,SAGE
4977,SAH
4978,SAI
4979,SAIA
4980,SAIC
4981,SAITW
4982,SAM
4983,SAMG
4984,SAN
4985,SANA
4986,SANG
4987,SANM
4988,SANW
4989,SAP
4990,SAR
4991,SASR
4992,SATL
4993,SATLW
4994,SATS
4995,SATX
4996,SAVA
4997,SAVE
4998,SB
4999,SBAC
5000,SBCF
5001,SBET
5002,SBEV
5003,SBFG
5004,SBFM
5005,SBFMW
5006,SBGI
5007,SBH
5008,SBI
5009,SBLK
5010,SBOW
5011,SBRA
5012,SBS
5013,SBSI
5014,SBSW
5015,SBT
5016,SBUX
5017,SBXC
5018,SCCO
5019,SCD
5020,SCHL
5021,SCHW
5022,SCI
5023,SCKT
5024,SCL
5025,SCLX
5026,SCLXW
5027,SCM
5028,SCNI
5029,SCOR
5030,SCPH
5031,SCPX
5032,SCS
5033,SCSC
5034,SCVL
5035,SCWO
5036,SCWX
5037,SCYX
5038,SD
5039,SDGR
5040,SDHC
5041,SDHY
5042,SDIG
5043,SDOT
5044,SDPI
5045,SDRL
5046,SE
5047,SEAT
5048,SEATW
5049,SEB
5050,SEDA
5051,SEDG
5052,SEE
5053,SEED
5054,SEEL
5055,SEER
5056,SEIC
5057,SELF
5058,SELX
5059,SEM
5060,SEMR
5061,SENEA
5062,SENEB
5063,SENS
5064,SEPA
5065,SEPAU
5066,SEPAW
5067,SER
5068,SERA
5069,SERV
5070,SES
5071,SEVN
5072,SEZL
5073,SF
5074,SFBC
5075,SFBS
5076,SFIX
5077,SFL
5078,SFM
5079,SFNC
5080,SFST
5081,SFWL
5082,SG
5083,SGA
5084,SGBX
5085,SGC
5086,SGD
5087,SGE
5088,SGH
5089,SGHC
5090,SGHT
5091,SGLY
5092,SGMA
5093,SGML
5094,SGMO
5095,SGMT
5096,SGN
5097,SGRP
5098,SGRY
5099,SGU
5100,SHAK
5101,SHBI
5102,SHC
5103,SHCO
5104,SHCR
5105,SHCRW
5106,SHEL
5107,SHEN
5108,SHFS
5109,SHFSW
5110,SHG
5111,SHIM
5112,SHIP
5113,SHLS
5114,SHLT
5115,SHMD
5116,SHMDW
5117,SHO
5118,SHOO
5119,SHOP
5120,SHOT
5121,SHOTW
5122,SHPH
5123,SHPW
5124,SHPWW
5125,SHW
5126,SHYF
5127,SIBN
5128,SID
5129,SIDU
5130,SIEB
5131,SIF
5132,SIFY
5133,SIG
5134,SIGA
5135,SIGI
5136,SIGIP
5137,SII
5138,SILC
5139,SILK
5140,SILO
5141,SILV
5142,SIM
5143,SIMO
5144,SING
5145,SINT
5146,SIRI
5147,SISI
5148,SITC
5149,SITE
5150,SITM
5151,SIX
5152,SJ
5153,SJM
5154,SJW
5155,SKE
5156,SKGR
5157,SKGRW
5158,SKIN
5159,SKLZ
5160,SKM
5161,SKT
5162,SKWD
5163,SKX
5164,SKY
5165,SKYE
5166,SKYH
5167,SKYT
5168,SKYW
5169,SKYX
5170,SLAB
5171,SLAM
5172,SLAMU
5173,SLAMW
5174,SLB
5175,SLCA
5176,SLDB
5177,SLDP
5178,SLDPW
5179,SLE
5180,SLF
5181,SLG
5182,SLGL
5183,SLGN
5184,SLI
5185,SLM
5186,SLMBP
5187,SLN
5188,SLNA
5189,SLNAW
5190,SLND
5191,SLNG
5192,SLNH
5193,SLNHP
5194,SLNO
5195,SLP
5196,SLQT
5197,SLRC
5198,SLRN
5199,SLRX
5200,SLS
5201,SLSR
5202,SLVM
5203,SM
5204,SMAR
5205,SMBC
5206,SMBK
5207,SMCI
5208,SMFG
5209,SMFL
5210,SMG
5211,SMHI
5212,SMID
5213,SMLP
5214,SMLR
5215,SMMT
5216,SMP
5217,SMPL
5218,SMR
5219,SMRT
5220,SMSI
5221,SMTC
5222,SMTI
5223,SMWB
5224,SMX
5225,SMXT
5226,SMXWW
5227,SN
5228,SNA
5229,SNAL
5230,SNAP
5231,SNAX
5232,SNAXW
5233,SNBR
5234,SNCR
5235,SNCY
5236,SND
5237,SNDA
5238,SNDL
5239,SNDR
5240,SNDX
5241,SNES
5242,SNEX
5243,SNFCA
5244,SNGX
5245,SNN
5246,SNOA
5247,SNOW
5248,SNPO
5249,SNPS
5250,SNPX
5251,SNSE
5252,SNT
5253,SNTG
5254,SNTI
5255,SNV
5256,SNX
5257,SNY
5258,SO
5259,SOAR
5260,SOBR
5261,SOC
5262,SOFI
5263,SOGP
5264,SOHO
5265,SOHOB
5266,SOHON
5267,SOHOO
5268,SOHU
5269,SOI
5270,SOL
5271,SOLV
5272,SON
5273,SOND
5274,SONDW
5275,SONM
5276,SONN
5277,SONO
5278,SONY
5279,SOPA
5280,SOPH
5281,SOS
5282,SOTK
5283,SOUN
5284,SOUNW
5285,SOWG
5286,SPB
5287,SPCB
5288,SPCE
5289,SPE
5290,SPEC
5291,SPECW
5292,SPFI
5293,SPG
5294,SPGC
5295,SPGI
5296,SPH
5297,SPHR
5298,SPI
5299,SPKL
5300,SPKLU
5301,SPKLW
5302,SPLP
5303,SPNS
5304,SPNT
5305,SPOK
5306,SPOT
5307,SPPL
5308,SPR
5309,SPRB
5310,SPRC
5311,SPRO
5312,SPRU
5313,SPRY
5314,SPSC
5315,SPT
5316,SPTN
5317,SPWH
5318,SPWR
5319,SPXC
5320,SQ
5321,SQFT
5322,SQFTP
5323,SQFTW
5324,SQM
5325,SQNS
5326,SQSP
5327,SR
5328,SRAD
5329,SRBK
5330,SRCE
5331,SRCL
5332,SRDX
5333,SRE
5334,SRFM
5335,SRG
5336,SRI
5337,SRL
5338,SRM
5339,SRPT
5340,SRRK
5341,SRTS
5342,SRV
5343,SRZN
5344,SRZNW
5345,SSB
5346,SSBI
5347,SSBK
5348,SSD
5349,SSKN
5350,SSL
5351,SSNC
5352,SSNT
5353,SSP
5354,SSRM
5355,SSSS
5356,SST
5357,SSTI
5358,SSTK
5359,SSY
5360,SSYS
5361,ST
5362,STAA
5363,STAF
5364,STAG
5365,STBA
5366,STBX
5367,STC
5368,STCN
5369,STE
5370,STEL
5371,STEM
5372,STEP
5373,STER
5374,STEW
5375,STG
5376,STGW
5377,STHO
5378,STI
5379,STIM
5380,STKH
5381,STKL
5382,STKS
5383,STLA
5384,STLD
5385,STM
5386,STN
5387,STNE
5388,STNG
5389,STOK
5390,STR
5391,STRA
5392,STRL
5393,STRM
5394,STRO
5395,STRR
5396,STRRP
5397,STRS
5398,STRT
5399,STRW
5400,STSS
5401,STSSW
5402,STT
5403,STTK
5404,STVN
5405,STWD
5406,STX
5407,STXS
5408,STZ
5409,SU
5410,SUGP
5411,SUI
5412,SUM
5413,SUN
5414,SUP
5415,SUPN
5416,SUPV
5417,SURG
5418,SURGW
5419,SUUN
5420,SUZ
5421,SVC
5422,SVCO
5423,SVII
5424,SVIIW
5425,SVM
5426,SVMH
5427,SVRA
5428,SVRE
5429,SVT
5430,SVV
5431,SWAG
5432,SWAV
5433,SWBI
5434,SWI
5435,SWIM
5436,SWIN
5437,SWK
5438,SWKH
5439,SWKS
5440,SWN
5441,SWSS
5442,SWSSU
5443,SWTX
5444,SWVL
5445,SWVLW
5446,SWX
5447,SWZ
5448,SXC
5449,SXI
5450,SXT
5451,SXTC
5452,SXTP
5453,SY
5454,SYBT
5455,SYBX
5456,SYF
5457,SYK
5458,SYM
5459,SYNA
5460,SYNX
5461,SYPR
5462,SYRA
5463,SYRE
5464,SYRS
5465,SYT
5466,SYTA
5467,SYTAW
5468,SYY
5469,T
5470,TAC
5471,TACT
5472,TAIT
5473,TAK
5474,TAL
5475,TALK
5476,TALKW
5477,TALO
5478,TANH
5479,TAOP
5480,TAP
5481,TARA
5482,TARO
5483,TARS
5484,TASK
5485,TATT
5486,TAYD
5487,TBB
5488,TBBB
5489,TBBK
5490,TBI
5491,TBIO
5492,TBLA
5493,TBLAW
5494,TBLT
5495,TBMC
5496,TBNK
5497,TBPH
5498,TBRG
5499,TC
5500,TCBC
5501,TCBI
5502,TCBIO
5503,TCBK
5504,TCBP
5505,TCBPW
5506,TCBS
5507,TCBX
5508,TCI
5509,TCJH
5510,TCMD
5511,TCOA
5512,TCOM
5513,TCON
5514,TCPC
5515,TCRT
5516,TCRX
5517,TCS
5518,TCTM
5519,TCX
5520,TD
5521,TDC
5522,TDCX
5523,TDG
5524,TDOC
5525,TDS
5526,TDUP
5527,TDW
5528,TDY
5529,TEAF
5530,TEAM
5531,TECH
5532,TECK
5533,TEF
5534,TEI
5535,TEL
5536,TELA
5537,TELL
5538,TELO
5539,TENB
5540,TENK
5541,TENX
5542,TEO
5543,TER
5544,TERN
5545,TETE
5546,TETEW
5547,TEVA
5548,TEX
5549,TFC
5550,TFFP
5551,TFII
5552,TFIN
5553,TFINP
5554,TFPM
5555,TFSL
5556,TFX
5557,TG
5558,TGAA
5559,TGAAW
5560,TGAN
5561,TGB
5562,TGI
5563,TGL
5564,TGLS
5565,TGNA
5566,TGS
5567,TGT
5568,TGTX
5569,TH
5570,THAR
5571,THC
5572,THCH
5573,THCP
5574,THCPW
5575,THFF
5576,THG
5577,THM
5578,THMO
5579,THO
5580,THQ
5581,THR
5582,THRD
5583,THRM
5584,THRY
5585,THS
5586,THTX
5587,THW
5588,TIGO
5589,TIGR
5590,TIL
5591,TILE
5592,TIMB
5593,TIPT
5594,TIRX
5595,TISI
5596,TITN
5597,TIVC
5598,TIXT
5599,TJX
5600,TK
5601,TKC
5602,TKLF
5603,TKNO
5604,TKO
5605,TKR
5606,TLF
5607,TLGY
5608,TLIS
5609,TLK
5610,TLPH
5611,TLRY
5612,TLS
5613,TLSA
5614,TLSI
5615,TLSIW
5616,TLYS
5617,TM
5618,TMC
5619,TMCI
5620,TMCWW
5621,TMDX
5622,TME
5623,TMHC
5624,TMO
5625,TMP
5626,TMQ
5627,TMTC
5628,TMUS
5629,TNC
5630,TNDM
5631,TNET
5632,TNGX
5633,TNK
5634,TNL
5635,TNON
5636,TNONW
5637,TNP
5638,TNXP
5639,TNYA
5640,TOI
5641,TOIIW
5642,TOL
5643,TOMZ
5644,TOON
5645,TOP
5646,TOPS
5647,TORO
5648,TOST
5649,TOUR
5650,TOVX
5651,TOWN
5652,TPB
5653,TPC
5654,TPCS
5655,TPET
5656,TPG
5657,TPH
5658,TPHS
5659,TPIC
5660,TPL
5661,TPR
5662,TPST
5663,TPVG
5664,TPX
5665,TPZ
5666,TR
5667,TRAK
5668,TRAW
5669,TRC
5670,TRDA
5671,TREE
5672,TREX
5673,TRGP
5674,TRI
5675,TRIB
5676,TRIN
5677,TRIP
5678,TRIS
5679,TRMB
5680,TRMD
5681,TRMK
5682,TRML
5683,TRN
5684,TRNO
5685,TRNR
5686,TRNS
5687,TRON
5688,TRONW
5689,TROO
5690,TROW
5691,TROX
5692,TRP
5693,TRS
5694,TRSG
5695,TRST
5696,TRT
5697,TRTL
5698,TRTX
5699,TRU
5700,TRUE
5701,TRUG
5702,TRUP
5703,TRV
5704,TRVG
5705,TRVI
5706,TRVN
5707,TRX
5708,TS
5709,TSAT
5710,TSBK
5711,TSBX
5712,TSCO
5713,TSE
5714,TSEM
5715,TSHA
5716,TSLA
5717,TSLX
5718,TSM
5719,TSN
5720,TSQ
5721,TSRI
5722,TSVT
5723,TT
5724,TTC
5725,TTD
5726,TTE
5727,TTEC
5728,TTEK
5729,TTGT
5730,TTI
5731,TTMI
5732,TTNP
5733,TTOO
5734,TTP
5735,TTSH
5736,TTWO
5737,TU
5738,TUP
5739,TURB
5740,TURN
5741,TUSK
5742,TUYA
5743,TV
5744,TVGN
5745,TVGNW
5746,TVTX
5747,TW
5748,TWG
5749,TWI
5750,TWIN
5751,TWKS
5752,TWLO
5753,TWLV
5754,TWLVU
5755,TWO
5756,TWOU
5757,TWST
5758,TX
5759,TXG
5760,TXMD
5761,TXN
5762,TXO
5763,TXRH
5764,TXT
5765,TYG
5766,TYGO
5767,TYL
5768,TYRA
5769,TZOO
5770,U
5771,UA
5772,UAA
5773,UAL
5774,UAMY
5775,UAN
5776,UAVS
5777,UBCP
5778,UBER
5779,UBFO
5780,UBS
5781,UBSI
5782,UBX
5783,UBXG
5784,UCAR
5785,UCBI
5786,UCBIO
5787,UCL
5788,UCTT
5789,UDMY
5790,UDR
5791,UE
5792,UEC
5793,UEIC
5794,UFCS
5795,UFI
5796,UFPI
5797,UFPT
5798,UG
5799,UGI
5800,UGIC
5801,UGP
5802,UGRO
5803,UHAL
5804,UHG
5805,UHGWW
5806,UHS
5807,UHT
5808,UI
5809,UIS
5810,UK
5811,UKOMW
5812,UL
5813,ULBI
5814,ULCC
5815,ULH
5816,ULS
5817,ULTA
5818,ULY
5819,UMAC
5820,UMBF
5821,UMC
5822,UMH
5823,UNB
5824,UNCY
5825,UNF
5826,UNFI
5827,UNH
5828,UNIT
5829,UNM
5830,UNP
5831,UNTY
5832,UONE
5833,UONEK
5834,UP
5835,UPBD
5836,UPC
5837,UPLD
5838,UPS
5839,UPST
5840,UPWK
5841,UPXI
5842,URBN
5843,URG
5844,URGN
5845,URI
5846,UROY
5847,USAC
5848,USAP
5849,USAS
5850,USAU
5851,USB
5852,USCB
5853,USEA
5854,USEG
5855,USFD
5856,USGO
5857,USGOW
5858,USIO
5859,USLM
5860,USM
5861,USNA
5862,USPH
5863,UTF
5864,UTG
5865,UTHR
5866,UTI
5867,UTL
5868,UTMD
5869,UTSI
5870,UTZ
5871,UUU
5872,UUUU
5873,UVE
5874,UVSP
5875,UVV
5876,UWMC
5877,UXIN
5878,V
5879,VABK
5880,VAC
5881,VAL
5882,VALE
5883,VALN
5884,VALU
5885,VANI
5886,VATE
5887,VBFC
5888,VBIV
5889,VBNK
5890,VBTX
5891,VC
5892,VCEL
5893,VCIG
5894,VCNX
5895,VCSA
5896,VCTR
5897,VCV
5898,VCXB
5899,VCYT
5900,VECO
5901,VEEE
5902,VEEV
5903,VEL
5904,VEON
5905,VERA
5906,VERB
5907,VERI
5908,VERO
5909,VERU
5910,VERV
5911,VERX
5912,VERY
5913,VET
5914,VEV
5915,VFC
5916,VFF
5917,VFL
5918,VFS
5919,VFSWW
5920,VGAS
5921,VGASW
5922,VGI
5923,VGM
5924,VGR
5925,VGZ
5926,VHAI
5927,VHC
5928,VHI
5929,VIA
5930,VIASP
5931,VIAV
5932,VICI
5933,VICR
5934,VIGL
5935,VIK
5936,VINC
5937,VINE
5938,VINO
5939,VINP
5940,VIOT
5941,VIPS
5942,VIR
5943,VIRC
5944,VIRI
5945,VIRT
5946,VIRX
5947,VISL
5948,VIST
5949,VITL
5950,VIV
5951,VIVK
5952,VKI
5953,VKQ
5954,VKTX
5955,VLCN
5956,VLD
5957,VLGEA
5958,VLN
5959,VLO
5960,VLRS
5961,VLT
5962,VLTO
5963,VLY
5964,VLYPO
5965,VLYPP
5966,VMAR
5967,VMC
5968,VMCA
5969,VMD
5970,VMEO
5971,VMI
5972,VMO
5973,VNCE
5974,VNDA
5975,VNET
5976,VNO
5977,VNOM
5978,VNRX
5979,VNT
5980,VOD
5981,VOR
5982,VOXR
5983,VOXX
5984,VOYA
5985,VPG
5986,VPV
5987,VRA
5988,VRAR
5989,VRAX
5990,VRCA
5991,VRDN
5992,VRE
5993,VREX
5994,VRM
5995,VRME
5996,VRMEW
5997,VRN
5998,VRNA
5999,VRNS
6000,VRNT
6001,VRPX
6002,VRRM
6003,VRSK
6004,VRSN
6005,VRT
6006,VRTS
6007,VRTX
6008,VS
6009,VSAT
6010,VSCO
6011,VSEC
6012,VSH
6013,VSME
6014,VSSYW
6015,VST
6016,VSTA
6017,VSTE
6018,VSTEW
6019,VSTM
6020,VSTO
6021,VSTS
6022,VTAK
6023,VTEX
6024,VTGN
6025,VTLE
6026,VTMX
6027,VTN
6028,VTNR
6029,VTOL
6030,VTR
6031,VTRS
6032,VTRU
6033,VTSI
6034,VTVT
6035,VTYX
6036,VUZI
6037,VVI
6038,VVOS
6039,VVPR
6040,VVR
6041,VVV
6042,VVX
6043,VWE
6044,VWEWW
6045,VXRT
6046,VYGR
6047,VYNE
6048,VYX
6049,VZ
6050,VZIO
6051,VZLA
6052,W
6053,WAB
6054,WABC
6055,WAFD
6056,WAFDP
6057,WAFU
6058,WAL
6059,WALD
6060,WASH
6061,WAT
6062,WATT
6063,WAVD
6064,WAVE
6065,WAVS
6066,WAVSW
6067,WB
6068,WBA
6069,WBD
6070,WBS
6071,WBUY
6072,WBX
6073,WCC
6074,WCN
6075,WD
6076,WDAY
6077,WDC
6078,WDFC
6079,WDH
6080,WDI
6081,WDS
6082,WEA
6083,WEAV
6084,WEC
6085,WEL
6086,WELL
6087,WEN
6088,WERN
6089,WES
6090,WEST
6091,WESTW
6092,WETH
6093,WEX
6094,WEYS
6095,WF
6096,WFC
6097,WFCF
6098,WFG
6099,WGO
6100,WGS
6101,WGSWW
6102,WH
6103,WHD
6104,WHF
6105,WHG
6106,WHLM
6107,WHLR
6108,WHLRD
6109,WHLRP
6110,WHR
6111,WIA
6112,WILC
6113,WIMI
6114,WINA
6115,WING
6116,WINT
6117,WINV
6118,WINVW
6119,WIRE
6120,WISA
6121,WIT
6122,WIW
6123,WIX
6124,WK
6125,WKC
6126,WKEY
6127,WKHS
6128,WKME
6129,WKSP
6130,WKSPW
6131,WLDN
6132,WLDS
6133,WLDSW
6134,WLFC
6135,WLGS
6136,WLK
6137,WLKP
6138,WLY
6139,WLYB
6140,WM
6141,WMB
6142,WMG
6143,WMK
6144,WMPN
6145,WMS
6146,WMT
6147,WNC
6148,WNEB
6149,WNS
6150,WNW
6151,WOLF
6152,WOOF
6153,WOR
6154,WORX
6155,WOW
6156,WPC
6157,WPM
6158,WPP
6159,WPRT
6160,WRAP
6161,WRB
6162,WRBY
6163,WRK
6164,WRLD
6165,WRN
6166,WRNT
6167,WS
6168,WSBC
6169,WSBCP
6170,WSBF
6171,WSC
6172,WSFS
6173,WSM
6174,WSO
6175,WSR
6176,WST
6177,WT
6178,WTBA
6179,WTFC
6180,WTFCM
6181,WTFCP
6182,WTI
6183,WTM
6184,WTMA
6185,WTO
6186,WTRG
6187,WTS
6188,WTTR
6189,WTW
6190,WU
6191,WULF
6192,WVE
6193,WVVI
6194,WVVIP
6195,WW
6196,WWD
6197,WWR
6198,WWW
6199,WY
6200,WYNN
6201,WYY
6202,X
6203,XAIR
6204,XBIO
6205,XBIOW
6206,XBIT
6207,XBP
6208,XBPEW
6209,XCUR
6210,XEL
6211,XELA
6212,XELAP
6213,XELB
6214,XENE
6215,XERS
6216,XFIN
6217,XFLT
6218,XFOR
6219,XGN
6220,XHR
6221,XIN
6222,XLO
6223,XMTR
6224,XNCR
6225,XNET
6226,XOM
6227,XOMA
6228,XOMAO
6229,XOMAP
6230,XOS
6231,XOSWW
6232,XP
6233,XPEL
6234,XPER
6235,XPEV
6236,XPL
6237,XPO
6238,XPOF
6239,XPON
6240,XPRO
6241,XRAY
6242,XRTX
6243,XRX
6244,XTIA
6245,XTKG
6246,XTLB
6247,XTNT
6248,XWEL
6249,XXII
6250,XYF
6251,XYL
6252,XYLO
6253,YALA
6254,YCBD
6255,YELP
6256,YETI
6257,YEXT
6258,YGMZ
6259,YHGJ
6260,YI
6261,YIBO
6262,YJ
6263,YMAB
6264,YMM
6265,YORW
6266,YOSH
6267,YOTA
6268,YOTAU
6269,YOTAW
6270,YOU
6271,YPF
6272,YQ
6273,YRD
6274,YSG
6275,YTRA
6276,YUM
6277,YUMC
6278,YY
6279,YYAI
6280,YYGH
6281,Z
6282,ZAPP
6283,ZAPPW
6284,ZBAO
6285,ZBH
6286,ZBRA
6287,ZCAR
6288,ZCARW
6289,ZCMD
6290,ZD
6291,ZDGE
6292,ZENV
6293,ZEO
6294,ZEOWW
6295,ZEPP
6296,ZETA
6297,ZEUS
6298,ZG
6299,ZGN
6300,ZH
6301,ZI
6302,ZIM
6303,ZIMV
6304,ZION
6305,ZIONO
6306,ZIONP
6307,ZIP
6308,ZJYL
6309,ZK
6310,ZKH
6311,ZKIN
6312,ZLAB
6313,ZLS
6314,ZM
6315,ZNTL
6316,ZOM
6317,ZONE
6318,ZOOZ
6319,ZOOZW
6320,ZPTA
6321,ZPTAW
6322,ZS
6323,ZTEK
6324,ZTO
6325,ZTR
6326,ZTS
6327,ZUMZ
6328,ZUO
6329,ZVIA
6330,ZVRA
6331,ZVSA
6332,ZYME
6333,ZYXI
